src_bytes,dst_bytes,timestamp
267,1436,2018-01-01 10:00:00
232,668,2018-01-01 10:00:01
890,334,2018-01-01 10:00:02
207,1761,2018-01-01 10:00:03
36,0,2018-01-01 10:00:04
286,940,2018-01-01 10:00:05
218,1937,2018-01-01 10:00:06
33,0,2018-01-01 10:00:07
216,1075,2018-01-01 10:00:08
218,586,2018-01-01 10:00:09
253,269,2018-01-01 10:00:10
3188,0,2018-01-01 10:00:11
2135,326,2018-01-01 10:00:12
203,1390,2018-01-01 10:00:13
105,0,2018-01-01 10:00:14
1032,0,2018-01-01 10:00:15
296,336,2018-01-01 10:00:16
285,12884,2018-01-01 10:00:17
232,1435,2018-01-01 10:00:18
146,105,2018-01-01 10:00:19
147,105,2018-01-01 10:00:20
105,145,2018-01-01 10:00:21
240,2164,2018-01-01 10:00:22
304,762,2018-01-01 10:00:23
146,105,2018-01-01 10:00:24
0,0,2018-01-01 10:00:25
257,365,2018-01-01 10:00:26
42,42,2018-01-01 10:00:27
1032,0,2018-01-01 10:00:28
0,0,2018-01-01 10:00:29
327,44274,2018-01-01 10:00:30
240,313,2018-01-01 10:00:31
206,998,2018-01-01 10:00:32
42,42,2018-01-01 10:00:33
346,555,2018-01-01 10:00:34
257,1426,2018-01-01 10:00:35
335,4815,2018-01-01 10:00:36
105,0,2018-01-01 10:00:37
260,4922,2018-01-01 10:00:38
197,3730,2018-01-01 10:00:39
1032,0,2018-01-01 10:00:40
105,147,2018-01-01 10:00:41
227,3411,2018-01-01 10:00:42
255,3324,2018-01-01 10:00:43
44,70,2018-01-01 10:00:44
1032,0,2018-01-01 10:00:45
215,1721,2018-01-01 10:00:46
1032,0,2018-01-01 10:00:47
1032,0,2018-01-01 10:00:48
520,0,2018-01-01 10:00:49
263,1490,2018-01-01 10:00:50
0,0,2018-01-01 10:00:51
34,34,2018-01-01 10:00:52
204,511,2018-01-01 10:00:53
300,296,2018-01-01 10:00:54
0,0,2018-01-01 10:00:55
331,830,2018-01-01 10:00:56
1032,0,2018-01-01 10:00:57
333,2346,2018-01-01 10:00:58
226,577,2018-01-01 10:00:59
146,0,2018-01-01 10:01:00
235,406,2018-01-01 10:01:01
229,378,2018-01-01 10:01:02
205,525,2018-01-01 10:01:03
520,0,2018-01-01 10:01:04
1032,0,2018-01-01 10:01:05
255,4898,2018-01-01 10:01:06
223,915,2018-01-01 10:01:07
105,146,2018-01-01 10:01:08
147,105,2018-01-01 10:01:09
105,145,2018-01-01 10:01:10
289,261,2018-01-01 10:01:11
1032,0,2018-01-01 10:01:12
1032,0,2018-01-01 10:01:13
225,318,2018-01-01 10:01:14
209,2721,2018-01-01 10:01:15
1032,0,2018-01-01 10:01:16
146,105,2018-01-01 10:01:17
246,1165,2018-01-01 10:01:18
240,13035,2018-01-01 10:01:19
495,15013,2018-01-01 10:01:20
1032,0,2018-01-01 10:01:21
2418,330,2018-01-01 10:01:22
1018,337,2018-01-01 10:01:23
311,7424,2018-01-01 10:01:24
285,3231,2018-01-01 10:01:25
31,91,2018-01-01 10:01:26
271,447,2018-01-01 10:01:27
1032,0,2018-01-01 10:01:28
105,146,2018-01-01 10:01:29
227,2102,2018-01-01 10:01:30
145,105,2018-01-01 10:01:31
105,145,2018-01-01 10:01:32
931,330,2018-01-01 10:01:33
168,41428,2018-01-01 10:01:34
42,42,2018-01-01 10:01:35
245,531,2018-01-01 10:01:36
219,2808,2018-01-01 10:01:37
1032,0,2018-01-01 10:01:38
217,4378,2018-01-01 10:01:39
520,0,2018-01-01 10:01:40
300,406,2018-01-01 10:01:41
7233,0,2018-01-01 10:01:42
1032,0,2018-01-01 10:01:43
1032,0,2018-01-01 10:01:44
161,13445,2018-01-01 10:01:45
520,0,2018-01-01 10:01:46
210,314,2018-01-01 10:01:47
146,0,2018-01-01 10:01:48
247,22773,2018-01-01 10:01:49
1032,0,2018-01-01 10:01:50
219,2881,2018-01-01 10:01:51
303,6827,2018-01-01 10:01:52
42,42,2018-01-01 10:01:53
301,907,2018-01-01 10:01:54
251,748,2018-01-01 10:01:55
288,434,2018-01-01 10:01:56
1500,330,2018-01-01 10:01:57
200,761,2018-01-01 10:01:58
246,497,2018-01-01 10:01:59
1032,0,2018-01-01 10:02:00
0,0,2018-01-01 10:02:01
201,26294,2018-01-01 10:02:02
146,0,2018-01-01 10:02:03
308,2241,2018-01-01 10:02:04
105,0,2018-01-01 10:02:05
332,5394,2018-01-01 10:02:06
1314,331,2018-01-01 10:02:07
34,34,2018-01-01 10:02:08
1032,0,2018-01-01 10:02:09
520,0,2018-01-01 10:02:10
30,0,2018-01-01 10:02:11
326,732,2018-01-01 10:02:12
235,34193,2018-01-01 10:02:13
105,147,2018-01-01 10:02:14
146,105,2018-01-01 10:02:15
169,11984,2018-01-01 10:02:16
338,7856,2018-01-01 10:02:17
254,185,2018-01-01 10:02:18
305,928,2018-01-01 10:02:19
1032,0,2018-01-01 10:02:20
149,1570,2018-01-01 10:02:21
34,94,2018-01-01 10:02:22
1051,331,2018-01-01 10:02:23
250,390,2018-01-01 10:02:24
1032,0,2018-01-01 10:02:25
1032,0,2018-01-01 10:02:26
145,105,2018-01-01 10:02:27
2969,334,2018-01-01 10:02:28
448,0,2018-01-01 10:02:29
146,105,2018-01-01 10:02:30
1032,0,2018-01-01 10:02:31
279,2929,2018-01-01 10:02:32
43,133,2018-01-01 10:02:33
147,105,2018-01-01 10:02:34
146,105,2018-01-01 10:02:35
204,1897,2018-01-01 10:02:36
1385,327,2018-01-01 10:02:37
30,0,2018-01-01 10:02:38
0,0,2018-01-01 10:02:39
147,105,2018-01-01 10:02:40
520,0,2018-01-01 10:02:41
0,0,2018-01-01 10:02:42
1032,0,2018-01-01 10:02:43
317,398,2018-01-01 10:02:44
396,1550,2018-01-01 10:02:45
223,1096,2018-01-01 10:02:46
303,1688,2018-01-01 10:02:47
146,105,2018-01-01 10:02:48
105,145,2018-01-01 10:02:49
748,0,2018-01-01 10:02:50
181,0,2018-01-01 10:02:51
307,5280,2018-01-01 10:02:52
61298,0,2018-01-01 10:02:53
1447,288,2018-01-01 10:02:54
318,1474,2018-01-01 10:02:55
1032,0,2018-01-01 10:02:56
105,147,2018-01-01 10:02:57
46,140,2018-01-01 10:02:58
2096,332,2018-01-01 10:02:59
1032,0,2018-01-01 10:03:00
146,0,2018-01-01 10:03:01
344,755,2018-01-01 10:03:02
290,2860,2018-01-01 10:03:03
1032,0,2018-01-01 10:03:04
234,5280,2018-01-01 10:03:05
198,6576,2018-01-01 10:03:06
236,3222,2018-01-01 10:03:07
236,412,2018-01-01 10:03:08
226,28076,2018-01-01 10:03:09
46,84,2018-01-01 10:03:10
520,0,2018-01-01 10:03:11
224,3073,2018-01-01 10:03:12
222,3567,2018-01-01 10:03:13
200,358,2018-01-01 10:03:14
0,0,2018-01-01 10:03:15
200,1617,2018-01-01 10:03:16
318,2233,2018-01-01 10:03:17
145,105,2018-01-01 10:03:18
282,1998,2018-01-01 10:03:19
1032,0,2018-01-01 10:03:20
1032,0,2018-01-01 10:03:21
313,7406,2018-01-01 10:03:22
220,2677,2018-01-01 10:03:23
214,90549,2018-01-01 10:03:24
1032,0,2018-01-01 10:03:25
256,9621,2018-01-01 10:03:26
236,398,2018-01-01 10:03:27
325,2630,2018-01-01 10:03:28
44,44,2018-01-01 10:03:29
1032,0,2018-01-01 10:03:30
520,0,2018-01-01 10:03:31
245,7597,2018-01-01 10:03:32
223,1904,2018-01-01 10:03:33
1032,0,2018-01-01 10:03:34
44,78,2018-01-01 10:03:35
342,673,2018-01-01 10:03:36
228,9784,2018-01-01 10:03:37
232,2903,2018-01-01 10:03:38
38,38,2018-01-01 10:03:39
105,147,2018-01-01 10:03:40
520,0,2018-01-01 10:03:41
224,1918,2018-01-01 10:03:42
320,5191,2018-01-01 10:03:43
220,194,2018-01-01 10:03:44
1032,0,2018-01-01 10:03:45
105,146,2018-01-01 10:03:46
209,3867,2018-01-01 10:03:47
2116,330,2018-01-01 10:03:48
369,4437,2018-01-01 10:03:49
883,330,2018-01-01 10:03:50
305,1075,2018-01-01 10:03:51
105,146,2018-01-01 10:03:52
293,882,2018-01-01 10:03:53
0,0,2018-01-01 10:03:54
239,1879,2018-01-01 10:03:55
317,2076,2018-01-01 10:03:56
323,608,2018-01-01 10:03:57
1032,0,2018-01-01 10:03:58
520,0,2018-01-01 10:03:59
219,607,2018-01-01 10:04:00
146,105,2018-01-01 10:04:01
320,1706,2018-01-01 10:04:02
1032,0,2018-01-01 10:04:03
3262,330,2018-01-01 10:04:04
520,0,2018-01-01 10:04:05
520,0,2018-01-01 10:04:06
284,124,2018-01-01 10:04:07
328,13020,2018-01-01 10:04:08
236,391,2018-01-01 10:04:09
209,0,2018-01-01 10:04:10
226,861,2018-01-01 10:04:11
1179,598,2018-01-01 10:04:12
1032,0,2018-01-01 10:04:13
0,0,2018-01-01 10:04:14
3755,338,2018-01-01 10:04:15
225,8420,2018-01-01 10:04:16
202,16825,2018-01-01 10:04:17
298,11716,2018-01-01 10:04:18
318,2698,2018-01-01 10:04:19
44,44,2018-01-01 10:04:20
269,11609,2018-01-01 10:04:21
162,8813,2018-01-01 10:04:22
229,1218,2018-01-01 10:04:23
147,105,2018-01-01 10:04:24
250,273544,2018-01-01 10:04:25
1032,0,2018-01-01 10:04:26
221,383,2018-01-01 10:04:27
246,3200,2018-01-01 10:04:28
297,2913,2018-01-01 10:04:29
33,0,2018-01-01 10:04:30
0,0,2018-01-01 10:04:31
286,1769,2018-01-01 10:04:32
105,147,2018-01-01 10:04:33
196,168,2018-01-01 10:04:34
169,11582,2018-01-01 10:04:35
306,2543,2018-01-01 10:04:36
1032,0,2018-01-01 10:04:37
148,6281,2018-01-01 10:04:38
229,275,2018-01-01 10:04:39
520,0,2018-01-01 10:04:40
1350,385,2018-01-01 10:04:41
326,2445,2018-01-01 10:04:42
315,1202,2018-01-01 10:04:43
46,133,2018-01-01 10:04:44
105,0,2018-01-01 10:04:45
354,386,2018-01-01 10:04:46
274,3315,2018-01-01 10:04:47
333,2073,2018-01-01 10:04:48
215,1713,2018-01-01 10:04:49
105,146,2018-01-01 10:04:50
326,736,2018-01-01 10:04:51
235,253,2018-01-01 10:04:52
520,0,2018-01-01 10:04:53
323,412,2018-01-01 10:04:54
1032,0,2018-01-01 10:04:55
346,2677,2018-01-01 10:04:56
387,8824,2018-01-01 10:04:57
285,2399,2018-01-01 10:04:58
2443,291,2018-01-01 10:04:59
1032,0,2018-01-01 10:05:00
232,389,2018-01-01 10:05:01
29,0,2018-01-01 10:05:02
7321,0,2018-01-01 10:05:03
265,1654,2018-01-01 10:05:04
211,1315,2018-01-01 10:05:05
336,3040,2018-01-01 10:05:06
243,294,2018-01-01 10:05:07
203,15170,2018-01-01 10:05:08
1032,0,2018-01-01 10:05:09
1373,387,2018-01-01 10:05:10
0,0,2018-01-01 10:05:11
146,105,2018-01-01 10:05:12
520,0,2018-01-01 10:05:13
226,305,2018-01-01 10:05:14
30,0,2018-01-01 10:05:15
31,0,2018-01-01 10:05:16
147,0,2018-01-01 10:05:17
214,6604,2018-01-01 10:05:18
222,654,2018-01-01 10:05:19
221,12922,2018-01-01 10:05:20
211,2220,2018-01-01 10:05:21
166,24540,2018-01-01 10:05:22
520,0,2018-01-01 10:05:23
273,901,2018-01-01 10:05:24
339,1458,2018-01-01 10:05:25
330,247,2018-01-01 10:05:26
322,3051,2018-01-01 10:05:27
209,757,2018-01-01 10:05:28
213,4304,2018-01-01 10:05:29
0,0,2018-01-01 10:05:30
105,0,2018-01-01 10:05:31
1189,330,2018-01-01 10:05:32
237,5179,2018-01-01 10:05:33
147,105,2018-01-01 10:05:34
1032,0,2018-01-01 10:05:35
286,22841,2018-01-01 10:05:36
105,146,2018-01-01 10:05:37
0,0,2018-01-01 10:05:38
327,8801,2018-01-01 10:05:39
1032,0,2018-01-01 10:05:40
520,0,2018-01-01 10:05:41
1032,0,2018-01-01 10:05:42
105,0,2018-01-01 10:05:43
247,471,2018-01-01 10:05:44
344,1040,2018-01-01 10:05:45
209,26504,2018-01-01 10:05:46
223,301,2018-01-01 10:05:47
1032,0,2018-01-01 10:05:48
207,8566,2018-01-01 10:05:49
982,327,2018-01-01 10:05:50
315,863,2018-01-01 10:05:51
147,105,2018-01-01 10:05:52
227,10127,2018-01-01 10:05:53
215,24860,2018-01-01 10:05:54
0,0,2018-01-01 10:05:55
1032,0,2018-01-01 10:05:56
1032,0,2018-01-01 10:05:57
303,2239,2018-01-01 10:05:58
251,2302,2018-01-01 10:05:59
146,13603,2018-01-01 10:06:00
323,6013,2018-01-01 10:06:01
478,3150,2018-01-01 10:06:02
846,333,2018-01-01 10:06:03
2671,418,2018-01-01 10:06:04
1877,336,2018-01-01 10:06:05
235,1780,2018-01-01 10:06:06
520,0,2018-01-01 10:06:07
6838,383,2018-01-01 10:06:08
520,0,2018-01-01 10:06:09
290,179,2018-01-01 10:06:10
185,19502,2018-01-01 10:06:11
959,371,2018-01-01 10:06:12
768,334,2018-01-01 10:06:13
1058,342,2018-01-01 10:06:14
235,2688,2018-01-01 10:06:15
340,14972,2018-01-01 10:06:16
209,8806,2018-01-01 10:06:17
320,279,2018-01-01 10:06:18
1032,0,2018-01-01 10:06:19
302,788,2018-01-01 10:06:20
383,0,2018-01-01 10:06:21
45,110,2018-01-01 10:06:22
1377,369,2018-01-01 10:06:23
1079,333,2018-01-01 10:06:24
228,648,2018-01-01 10:06:25
242,5361,2018-01-01 10:06:26
105,145,2018-01-01 10:06:27
283,4228,2018-01-01 10:06:28
1032,0,2018-01-01 10:06:29
146,105,2018-01-01 10:06:30
225,1227,2018-01-01 10:06:31
1032,0,2018-01-01 10:06:32
1032,0,2018-01-01 10:06:33
0,0,2018-01-01 10:06:34
1032,0,2018-01-01 10:06:35
147,105,2018-01-01 10:06:36
226,256,2018-01-01 10:06:37
269,38544,2018-01-01 10:06:38
147,105,2018-01-01 10:06:39
1032,0,2018-01-01 10:06:40
333,32676,2018-01-01 10:06:41
2696,330,2018-01-01 10:06:42
203,24572,2018-01-01 10:06:43
44,74,2018-01-01 10:06:44
105,145,2018-01-01 10:06:45
979,331,2018-01-01 10:06:46
1372,495,2018-01-01 10:06:47
157,393,2018-01-01 10:06:48
231,2259,2018-01-01 10:06:49
280,820,2018-01-01 10:06:50
307,773,2018-01-01 10:06:51
224,3200,2018-01-01 10:06:52
233,13110,2018-01-01 10:06:53
105,145,2018-01-01 10:06:54
44,133,2018-01-01 10:06:55
215,8064,2018-01-01 10:06:56
10,37,2018-01-01 10:06:57
171,4369,2018-01-01 10:06:58
807,330,2018-01-01 10:06:59
371,3497,2018-01-01 10:07:00
252,1228,2018-01-01 10:07:01
42,0,2018-01-01 10:07:02
234,3001,2018-01-01 10:07:03
272,269,2018-01-01 10:07:04
300,5913,2018-01-01 10:07:05
147,105,2018-01-01 10:07:06
301,323,2018-01-01 10:07:07
253,1275,2018-01-01 10:07:08
250,1192,2018-01-01 10:07:09
325,270,2018-01-01 10:07:10
237,603,2018-01-01 10:07:11
207,1875,2018-01-01 10:07:12
207,260,2018-01-01 10:07:13
296,20499,2018-01-01 10:07:14
210,449,2018-01-01 10:07:15
1032,0,2018-01-01 10:07:16
0,0,2018-01-01 10:07:17
2103,326,2018-01-01 10:07:18
1032,0,2018-01-01 10:07:19
227,1052,2018-01-01 10:07:20
318,1342,2018-01-01 10:07:21
208,1509,2018-01-01 10:07:22
302,211,2018-01-01 10:07:23
2292,514,2018-01-01 10:07:24
296,2632,2018-01-01 10:07:25
298,1075,2018-01-01 10:07:26
1368,327,2018-01-01 10:07:27
1032,0,2018-01-01 10:07:28
33,0,2018-01-01 10:07:29
147,105,2018-01-01 10:07:30
1032,0,2018-01-01 10:07:31
334,2660,2018-01-01 10:07:32
196,1209,2018-01-01 10:07:33
105,145,2018-01-01 10:07:34
46,112,2018-01-01 10:07:35
1032,0,2018-01-01 10:07:36
336,1202,2018-01-01 10:07:37
0,0,2018-01-01 10:07:38
207,278,2018-01-01 10:07:39
286,4204,2018-01-01 10:07:40
261,6346,2018-01-01 10:07:41
302,10233,2018-01-01 10:07:42
234,8700,2018-01-01 10:07:43
1032,0,2018-01-01 10:07:44
219,787,2018-01-01 10:07:45
203,32229,2018-01-01 10:07:46
361,250,2018-01-01 10:07:47
219,3313,2018-01-01 10:07:48
208,27296,2018-01-01 10:07:49
323,306,2018-01-01 10:07:50
48,48,2018-01-01 10:07:51
42,42,2018-01-01 10:07:52
227,11844,2018-01-01 10:07:53
0,0,2018-01-01 10:07:54
235,2467,2018-01-01 10:07:55
0,0,2018-01-01 10:07:56
298,530,2018-01-01 10:07:57
154,26402,2018-01-01 10:07:58
131,44,2018-01-01 10:07:59
183,0,2018-01-01 10:08:00
232,2794,2018-01-01 10:08:01
720,330,2018-01-01 10:08:02
239,397,2018-01-01 10:08:03
238,3222,2018-01-01 10:08:04
329,125015,2018-01-01 10:08:05
1032,0,2018-01-01 10:08:06
216,7524,2018-01-01 10:08:07
289,2816,2018-01-01 10:08:08
264,13096,2018-01-01 10:08:09
1032,0,2018-01-01 10:08:10
236,4282,2018-01-01 10:08:11
228,16895,2018-01-01 10:08:12
254,392,2018-01-01 10:08:13
179,14496,2018-01-01 10:08:14
1032,0,2018-01-01 10:08:15
30,0,2018-01-01 10:08:16
1833,329,2018-01-01 10:08:17
262,501,2018-01-01 10:08:18
173,4799,2018-01-01 10:08:19
1208,330,2018-01-01 10:08:20
321,1054,2018-01-01 10:08:21
310,3567,2018-01-01 10:08:22
147,105,2018-01-01 10:08:23
1032,0,2018-01-01 10:08:24
481,366,2018-01-01 10:08:25
243,389,2018-01-01 10:08:26
1032,0,2018-01-01 10:08:27
1032,0,2018-01-01 10:08:28
804,335,2018-01-01 10:08:29
1032,0,2018-01-01 10:08:30
740,0,2018-01-01 10:08:31
686,332,2018-01-01 10:08:32
147,105,2018-01-01 10:08:33
183,7575,2018-01-01 10:08:34
235,1233,2018-01-01 10:08:35
321,3683,2018-01-01 10:08:36
198,555,2018-01-01 10:08:37
215,589,2018-01-01 10:08:38
20,0,2018-01-01 10:08:39
843,328,2018-01-01 10:08:40
334,2794,2018-01-01 10:08:41
307,612,2018-01-01 10:08:42
356,398,2018-01-01 10:08:43
147,105,2018-01-01 10:08:44
105,0,2018-01-01 10:08:45
1032,0,2018-01-01 10:08:46
269,21251,2018-01-01 10:08:47
350,14087,2018-01-01 10:08:48
0,0,2018-01-01 10:08:49
36,0,2018-01-01 10:08:50
105,147,2018-01-01 10:08:51
200,9878,2018-01-01 10:08:52
325,2649,2018-01-01 10:08:53
641,0,2018-01-01 10:08:54
46,46,2018-01-01 10:08:55
352,160023,2018-01-01 10:08:56
311,2043,2018-01-01 10:08:57
218,1762,2018-01-01 10:08:58
211,1771,2018-01-01 10:08:59
42,108,2018-01-01 10:09:00
327,1695,2018-01-01 10:09:01
234,365,2018-01-01 10:09:02
46,46,2018-01-01 10:09:03
167,3503,2018-01-01 10:09:04
307,3222,2018-01-01 10:09:05
163,1017,2018-01-01 10:09:06
306,887,2018-01-01 10:09:07
105,147,2018-01-01 10:09:08
1032,0,2018-01-01 10:09:09
0,0,2018-01-01 10:09:10
1032,0,2018-01-01 10:09:11
1032,0,2018-01-01 10:09:12
1032,0,2018-01-01 10:09:13
46,46,2018-01-01 10:09:14
596,404,2018-01-01 10:09:15
162,391,2018-01-01 10:09:16
1032,0,2018-01-01 10:09:17
35,100,2018-01-01 10:09:18
216,530,2018-01-01 10:09:19
105,147,2018-01-01 10:09:20
1032,0,2018-01-01 10:09:21
216,1680,2018-01-01 10:09:22
247,1966,2018-01-01 10:09:23
1032,0,2018-01-01 10:09:24
1032,0,2018-01-01 10:09:25
42,42,2018-01-01 10:09:26
45,45,2018-01-01 10:09:27
241,1423,2018-01-01 10:09:28
105,147,2018-01-01 10:09:29
177,4025,2018-01-01 10:09:30
147,10437,2018-01-01 10:09:31
1085,338,2018-01-01 10:09:32
11376,0,2018-01-01 10:09:33
217,1392,2018-01-01 10:09:34
520,0,2018-01-01 10:09:35
296,423,2018-01-01 10:09:36
1032,0,2018-01-01 10:09:37
1032,0,2018-01-01 10:09:38
208,1303,2018-01-01 10:09:39
147,105,2018-01-01 10:09:40
59,0,2018-01-01 10:09:41
0,0,2018-01-01 10:09:42
44,133,2018-01-01 10:09:43
316,3749,2018-01-01 10:09:44
12241,0,2018-01-01 10:09:45
315,2530,2018-01-01 10:09:46
332,672,2018-01-01 10:09:47
928,329,2018-01-01 10:09:48
164,428,2018-01-01 10:09:49
1032,0,2018-01-01 10:09:50
223,4399,2018-01-01 10:09:51
238,2202,2018-01-01 10:09:52
296,672,2018-01-01 10:09:53
293,7262,2018-01-01 10:09:54
44,44,2018-01-01 10:09:55
105,147,2018-01-01 10:09:56
245,4995,2018-01-01 10:09:57
1036,328,2018-01-01 10:09:58
315,2450,2018-01-01 10:09:59
243,5238,2018-01-01 10:10:00
1032,0,2018-01-01 10:10:01
211,2502,2018-01-01 10:10:02
520,0,2018-01-01 10:10:03
105,147,2018-01-01 10:10:04
0,0,2018-01-01 10:10:05
1032,0,2018-01-01 10:10:06
232,1721,2018-01-01 10:10:07
147,38110,2018-01-01 10:10:08
0,0,2018-01-01 10:10:09
200,3770,2018-01-01 10:10:10
197,3140,2018-01-01 10:10:11
208,17733,2018-01-01 10:10:12
105,147,2018-01-01 10:10:13
207,1680,2018-01-01 10:10:14
1032,0,2018-01-01 10:10:15
1032,0,2018-01-01 10:10:16
520,0,2018-01-01 10:10:17
332,665,2018-01-01 10:10:18
210,4088,2018-01-01 10:10:19
1245,415,2018-01-01 10:10:20
520,0,2018-01-01 10:10:21
1418,333,2018-01-01 10:10:22
338,1565,2018-01-01 10:10:23
147,105,2018-01-01 10:10:24
1030,0,2018-01-01 10:10:25
201,3557,2018-01-01 10:10:26
324,3285,2018-01-01 10:10:27
147,0,2018-01-01 10:10:28
105,146,2018-01-01 10:10:29
637,0,2018-01-01 10:10:30
301,371,2018-01-01 10:10:31
222,998,2018-01-01 10:10:32
1032,0,2018-01-01 10:10:33
305,402,2018-01-01 10:10:34
7233,0,2018-01-01 10:10:35
253,770,2018-01-01 10:10:36
301,3172,2018-01-01 10:10:37
224,2144,2018-01-01 10:10:38
1032,0,2018-01-01 10:10:39
276,2034,2018-01-01 10:10:40
1032,0,2018-01-01 10:10:41
250,573,2018-01-01 10:10:42
232,1380,2018-01-01 10:10:43
218,454,2018-01-01 10:10:44
274,8020,2018-01-01 10:10:45
770,329,2018-01-01 10:10:46
217,2090,2018-01-01 10:10:47
3690,0,2018-01-01 10:10:48
238,871,2018-01-01 10:10:49
182,0,2018-01-01 10:10:50
307,2107,2018-01-01 10:10:51
306,1875,2018-01-01 10:10:52
0,0,2018-01-01 10:10:53
48,48,2018-01-01 10:10:54
146,105,2018-01-01 10:10:55
0,0,2018-01-01 10:10:56
309,298,2018-01-01 10:10:57
105,146,2018-01-01 10:10:58
2163,360,2018-01-01 10:10:59
105,146,2018-01-01 10:11:00
14189,0,2018-01-01 10:11:01
223,782,2018-01-01 10:11:02
310,285,2018-01-01 10:11:03
201,1617,2018-01-01 10:11:04
279,1001,2018-01-01 10:11:05
323,1680,2018-01-01 10:11:06
105,147,2018-01-01 10:11:07
1032,0,2018-01-01 10:11:08
233,513,2018-01-01 10:11:09
671,340,2018-01-01 10:11:10
639,338,2018-01-01 10:11:11
1032,0,2018-01-01 10:11:12
105,146,2018-01-01 10:11:13
1032,0,2018-01-01 10:11:14
0,0,2018-01-01 10:11:15
105,147,2018-01-01 10:11:16
885,335,2018-01-01 10:11:17
241,5589,2018-01-01 10:11:18
105,0,2018-01-01 10:11:19
301,938,2018-01-01 10:11:20
160,584,2018-01-01 10:11:21
1032,0,2018-01-01 10:11:22
1970,329,2018-01-01 10:11:23
299,5733,2018-01-01 10:11:24
309,2239,2018-01-01 10:11:25
225,337,2018-01-01 10:11:26
105,147,2018-01-01 10:11:27
297,1259,2018-01-01 10:11:28
0,0,2018-01-01 10:11:29
148,1676,2018-01-01 10:11:30
305,946,2018-01-01 10:11:31
1032,0,2018-01-01 10:11:32
320,266,2018-01-01 10:11:33
346,3359,2018-01-01 10:11:34
374,10063,2018-01-01 10:11:35
353,611,2018-01-01 10:11:36
147,105,2018-01-01 10:11:37
1444,336,2018-01-01 10:11:38
1032,0,2018-01-01 10:11:39
1032,0,2018-01-01 10:11:40
320,3957,2018-01-01 10:11:41
271,259,2018-01-01 10:11:42
320,2123,2018-01-01 10:11:43
0,0,2018-01-01 10:11:44
329,503,2018-01-01 10:11:45
105,147,2018-01-01 10:11:46
0,0,2018-01-01 10:11:47
313,18937,2018-01-01 10:11:48
208,1589,2018-01-01 10:11:49
319,2651,2018-01-01 10:11:50
146,105,2018-01-01 10:11:51
240,882,2018-01-01 10:11:52
200,1856,2018-01-01 10:11:53
520,0,2018-01-01 10:11:54
172,5937,2018-01-01 10:11:55
232,671,2018-01-01 10:11:56
301,1075,2018-01-01 10:11:57
235,4182,2018-01-01 10:11:58
1032,0,2018-01-01 10:11:59
2210,333,2018-01-01 10:12:00
1032,0,2018-01-01 10:12:01
336,1398,2018-01-01 10:12:02
1078,335,2018-01-01 10:12:03
192,755,2018-01-01 10:12:04
1072,338,2018-01-01 10:12:05
247,3492,2018-01-01 10:12:06
105,0,2018-01-01 10:12:07
0,0,2018-01-01 10:12:08
199,3921,2018-01-01 10:12:09
42,42,2018-01-01 10:12:10
0,0,2018-01-01 10:12:11
0,0,2018-01-01 10:12:12
314,315,2018-01-01 10:12:13
0,0,2018-01-01 10:12:14
46,117,2018-01-01 10:12:15
234,16740,2018-01-01 10:12:16
48,48,2018-01-01 10:12:17
1032,0,2018-01-01 10:12:18
379,3819,2018-01-01 10:12:19
1032,0,2018-01-01 10:12:20
1032,0,2018-01-01 10:12:21
34,50,2018-01-01 10:12:22
45,136,2018-01-01 10:12:23
520,0,2018-01-01 10:12:24
10,142,2018-01-01 10:12:25
273,579,2018-01-01 10:12:26
250,382,2018-01-01 10:12:27
210,1238,2018-01-01 10:12:28
312,527,2018-01-01 10:12:29
297,1665,2018-01-01 10:12:30
0,0,2018-01-01 10:12:31
145,105,2018-01-01 10:12:32
239,13006,2018-01-01 10:12:33
231,1098,2018-01-01 10:12:34
520,0,2018-01-01 10:12:35
196,9434,2018-01-01 10:12:36
1032,0,2018-01-01 10:12:37
1032,0,2018-01-01 10:12:38
305,547,2018-01-01 10:12:39
231,1075,2018-01-01 10:12:40
1112,334,2018-01-01 10:12:41
306,1457,2018-01-01 10:12:42
1032,0,2018-01-01 10:12:43
238,392,2018-01-01 10:12:44
325,1895,2018-01-01 10:12:45
0,0,2018-01-01 10:12:46
1028,371,2018-01-01 10:12:47
5120,284,2018-01-01 10:12:48
35,35,2018-01-01 10:12:49
223,1158,2018-01-01 10:12:50
1766,0,2018-01-01 10:12:51
1029,330,2018-01-01 10:12:52
241,1072,2018-01-01 10:12:53
294,1602,2018-01-01 10:12:54
308,1278,2018-01-01 10:12:55
30,0,2018-01-01 10:12:56
221,1946,2018-01-01 10:12:57
0,0,2018-01-01 10:12:58
311,4359,2018-01-01 10:12:59
1617,330,2018-01-01 10:13:00
147,105,2018-01-01 10:13:01
280,2447,2018-01-01 10:13:02
2154,332,2018-01-01 10:13:03
179,14515,2018-01-01 10:13:04
212,1671,2018-01-01 10:13:05
145,105,2018-01-01 10:13:06
0,0,2018-01-01 10:13:07
315,1705,2018-01-01 10:13:08
1032,0,2018-01-01 10:13:09
196,285,2018-01-01 10:13:10
244,2655,2018-01-01 10:13:11
335,9080,2018-01-01 10:13:12
320,1118,2018-01-01 10:13:13
219,9609,2018-01-01 10:13:14
208,4874,2018-01-01 10:13:15
1032,0,2018-01-01 10:13:16
30,0,2018-01-01 10:13:17
185,1263,2018-01-01 10:13:18
251,776,2018-01-01 10:13:19
105,147,2018-01-01 10:13:20
345,7734,2018-01-01 10:13:21
182,0,2018-01-01 10:13:22
965,330,2018-01-01 10:13:23
1186,333,2018-01-01 10:13:24
2985,337,2018-01-01 10:13:25
1032,0,2018-01-01 10:13:26
1032,0,2018-01-01 10:13:27
333,2313,2018-01-01 10:13:28
325,608,2018-01-01 10:13:29
146,105,2018-01-01 10:13:30
1032,0,2018-01-01 10:13:31
105,146,2018-01-01 10:13:32
2881,0,2018-01-01 10:13:33
219,25777,2018-01-01 10:13:34
4892,0,2018-01-01 10:13:35
309,3222,2018-01-01 10:13:36
317,1721,2018-01-01 10:13:37
105,147,2018-01-01 10:13:38
2259,329,2018-01-01 10:13:39
289,365,2018-01-01 10:13:40
1032,0,2018-01-01 10:13:41
342,4651,2018-01-01 10:13:42
224,1481,2018-01-01 10:13:43
0,0,2018-01-01 10:13:44
12,0,2018-01-01 10:13:45
520,0,2018-01-01 10:13:46
256,1702,2018-01-01 10:13:47
1032,0,2018-01-01 10:13:48
217,292,2018-01-01 10:13:49
232,11839,2018-01-01 10:13:50
328,895,2018-01-01 10:13:51
270,19278,2018-01-01 10:13:52
272,4139,2018-01-01 10:13:53
147,105,2018-01-01 10:13:54
321,4304,2018-01-01 10:13:55
1032,0,2018-01-01 10:13:56
248,365,2018-01-01 10:13:57
239,3222,2018-01-01 10:13:58
1139,0,2018-01-01 10:13:59
305,260,2018-01-01 10:14:00
227,1247,2018-01-01 10:14:01
294,285,2018-01-01 10:14:02
1032,0,2018-01-01 10:14:03
22,75,2018-01-01 10:14:04
214,896,2018-01-01 10:14:05
516,4,2018-01-01 10:14:06
220,462,2018-01-01 10:14:07
178,70442,2018-01-01 10:14:08
294,2174,2018-01-01 10:14:09
105,147,2018-01-01 10:14:10
207,2241,2018-01-01 10:14:11
193,4309,2018-01-01 10:14:12
1032,0,2018-01-01 10:14:13
1032,0,2018-01-01 10:14:14
613,328,2018-01-01 10:14:15
309,762,2018-01-01 10:14:16
1032,0,2018-01-01 10:14:17
12983,0,2018-01-01 10:14:18
213,5790,2018-01-01 10:14:19
239,1164,2018-01-01 10:14:20
870,328,2018-01-01 10:14:21
105,147,2018-01-01 10:14:22
147,0,2018-01-01 10:14:23
305,2898,2018-01-01 10:14:24
1032,0,2018-01-01 10:14:25
264,3011,2018-01-01 10:14:26
1032,0,2018-01-01 10:14:27
146,105,2018-01-01 10:14:28
1032,0,2018-01-01 10:14:29
147,105,2018-01-01 10:14:30
1350,338,2018-01-01 10:14:31
1032,0,2018-01-01 10:14:32
210,3127,2018-01-01 10:14:33
145,105,2018-01-01 10:14:34
304,2507,2018-01-01 10:14:35
1032,0,2018-01-01 10:14:36
1342,0,2018-01-01 10:14:37
1032,0,2018-01-01 10:14:38
1682,366,2018-01-01 10:14:39
146,105,2018-01-01 10:14:40
319,3743,2018-01-01 10:14:41
1032,0,2018-01-01 10:14:42
105,143,2018-01-01 10:14:43
218,726,2018-01-01 10:14:44
301,17655,2018-01-01 10:14:45
1032,0,2018-01-01 10:14:46
105,145,2018-01-01 10:14:47
147,105,2018-01-01 10:14:48
287,4700,2018-01-01 10:14:49
0,0,2018-01-01 10:14:50
1541,336,2018-01-01 10:14:51
516,4,2018-01-01 10:14:52
242,5663,2018-01-01 10:14:53
844,339,2018-01-01 10:14:54
306,1645,2018-01-01 10:14:55
206,3765,2018-01-01 10:14:56
147,105,2018-01-01 10:14:57
343,842,2018-01-01 10:14:58
192,5628,2018-01-01 10:14:59
238,1804,2018-01-01 10:15:00
1032,0,2018-01-01 10:15:01
142,27222,2018-01-01 10:15:02
1032,0,2018-01-01 10:15:03
330,1159,2018-01-01 10:15:04
296,1099,2018-01-01 10:15:05
229,321,2018-01-01 10:15:06
223,5775,2018-01-01 10:15:07
217,1222,2018-01-01 10:15:08
233,1380,2018-01-01 10:15:09
0,0,2018-01-01 10:15:10
196,393,2018-01-01 10:15:11
1647,358,2018-01-01 10:15:12
0,0,2018-01-01 10:15:13
225,2531,2018-01-01 10:15:14
0,0,2018-01-01 10:15:15
269,264946,2018-01-01 10:15:16
180,2216,2018-01-01 10:15:17
970,331,2018-01-01 10:15:18
289,458,2018-01-01 10:15:19
288,267,2018-01-01 10:15:20
203,22134,2018-01-01 10:15:21
1032,0,2018-01-01 10:15:22
317,807,2018-01-01 10:15:23
1032,0,2018-01-01 10:15:24
520,0,2018-01-01 10:15:25
274,4841,2018-01-01 10:15:26
1032,0,2018-01-01 10:15:27
286,27544,2018-01-01 10:15:28
105,105,2018-01-01 10:15:29
242,236,2018-01-01 10:15:30
238,2416,2018-01-01 10:15:31
222,3683,2018-01-01 10:15:32
0,0,2018-01-01 10:15:33
897,329,2018-01-01 10:15:34
105,0,2018-01-01 10:15:35
225,779,2018-01-01 10:15:36
206,1856,2018-01-01 10:15:37
1032,0,2018-01-01 10:15:38
520,0,2018-01-01 10:15:39
239,2169,2018-01-01 10:15:40
45,73,2018-01-01 10:15:41
1032,0,2018-01-01 10:15:42
338,3166,2018-01-01 10:15:43
1058,327,2018-01-01 10:15:44
234,2507,2018-01-01 10:15:45
210,396,2018-01-01 10:15:46
210,1745,2018-01-01 10:15:47
147,105,2018-01-01 10:15:48
199,669,2018-01-01 10:15:49
146,105,2018-01-01 10:15:50
147,105,2018-01-01 10:15:51
192,10429,2018-01-01 10:15:52
234,1089,2018-01-01 10:15:53
231,292,2018-01-01 10:15:54
216,149,2018-01-01 10:15:55
221,685,2018-01-01 10:15:56
164,22064,2018-01-01 10:15:57
44,129,2018-01-01 10:15:58
245,0,2018-01-01 10:15:59
299,1177,2018-01-01 10:16:00
7940,0,2018-01-01 10:16:01
1032,0,2018-01-01 10:16:02
299,4792,2018-01-01 10:16:03
231,1542,2018-01-01 10:16:04
29,0,2018-01-01 10:16:05
0,0,2018-01-01 10:16:06
388,10389,2018-01-01 10:16:07
199,466,2018-01-01 10:16:08
1032,0,2018-01-01 10:16:09
229,742,2018-01-01 10:16:10
768,0,2018-01-01 10:16:11
263,15008,2018-01-01 10:16:12
1032,0,2018-01-01 10:16:13
34,94,2018-01-01 10:16:14
202,1204,2018-01-01 10:16:15
1032,0,2018-01-01 10:16:16
313,759,2018-01-01 10:16:17
0,0,2018-01-01 10:16:18
960,328,2018-01-01 10:16:19
948,332,2018-01-01 10:16:20
105,145,2018-01-01 10:16:21
1032,0,2018-01-01 10:16:22
253,310,2018-01-01 10:16:23
1032,0,2018-01-01 10:16:24
1032,0,2018-01-01 10:16:25
1460,330,2018-01-01 10:16:26
241,8284,2018-01-01 10:16:27
345,418,2018-01-01 10:16:28
313,7203,2018-01-01 10:16:29
147,105,2018-01-01 10:16:30
3088,480,2018-01-01 10:16:31
105,146,2018-01-01 10:16:32
326,2697,2018-01-01 10:16:33
239,34537,2018-01-01 10:16:34
11376,0,2018-01-01 10:16:35
287,1705,2018-01-01 10:16:36
45,136,2018-01-01 10:16:37
292,1701,2018-01-01 10:16:38
222,367,2018-01-01 10:16:39
205,2223,2018-01-01 10:16:40
1625,338,2018-01-01 10:16:41
9,140,2018-01-01 10:16:42
330,5876,2018-01-01 10:16:43
42,42,2018-01-01 10:16:44
1414,335,2018-01-01 10:16:45
1480,365,2018-01-01 10:16:46
0,0,2018-01-01 10:16:47
205,188,2018-01-01 10:16:48
520,0,2018-01-01 10:16:49
1032,0,2018-01-01 10:16:50
223,1684,2018-01-01 10:16:51
105,0,2018-01-01 10:16:52
42,42,2018-01-01 10:16:53
520,0,2018-01-01 10:16:54
10,38,2018-01-01 10:16:55
520,0,2018-01-01 10:16:56
0,0,2018-01-01 10:16:57
321,273,2018-01-01 10:16:58
520,0,2018-01-01 10:16:59
305,8694,2018-01-01 10:17:00
206,294,2018-01-01 10:17:01
147,105,2018-01-01 10:17:02
343,12777,2018-01-01 10:17:03
1032,0,2018-01-01 10:17:04
214,860,2018-01-01 10:17:05
1069,337,2018-01-01 10:17:06
324,1973,2018-01-01 10:17:07
268,264,2018-01-01 10:17:08
520,0,2018-01-01 10:17:09
244,788,2018-01-01 10:17:10
105,146,2018-01-01 10:17:11
280,5651,2018-01-01 10:17:12
42,42,2018-01-01 10:17:13
315,1613,2018-01-01 10:17:14
276,313,2018-01-01 10:17:15
996,330,2018-01-01 10:17:16
520,0,2018-01-01 10:17:17
244,2295,2018-01-01 10:17:18
0,0,2018-01-01 10:17:19
344,831,2018-01-01 10:17:20
254,6407,2018-01-01 10:17:21
105,147,2018-01-01 10:17:22
741,332,2018-01-01 10:17:23
520,0,2018-01-01 10:17:24
1032,0,2018-01-01 10:17:25
232,3222,2018-01-01 10:17:26
0,1108,2018-01-01 10:17:27
0,0,2018-01-01 10:17:28
203,2606,2018-01-01 10:17:29
953,332,2018-01-01 10:17:30
292,188,2018-01-01 10:17:31
1032,0,2018-01-01 10:17:32
232,733,2018-01-01 10:17:33
278,22106,2018-01-01 10:17:34
45,70,2018-01-01 10:17:35
160,17681,2018-01-01 10:17:36
500,9463,2018-01-01 10:17:37
520,0,2018-01-01 10:17:38
276,1410,2018-01-01 10:17:39
215,3452,2018-01-01 10:17:40
105,147,2018-01-01 10:17:41
295,721,2018-01-01 10:17:42
244,26846,2018-01-01 10:17:43
1032,0,2018-01-01 10:17:44
319,1374,2018-01-01 10:17:45
520,0,2018-01-01 10:17:46
1032,0,2018-01-01 10:17:47
1032,0,2018-01-01 10:17:48
357,2635,2018-01-01 10:17:49
256,16921,2018-01-01 10:17:50
105,0,2018-01-01 10:17:51
279,3731,2018-01-01 10:17:52
6932,0,2018-01-01 10:17:53
0,4,2018-01-01 10:17:54
383,0,2018-01-01 10:17:55
231,4727,2018-01-01 10:17:56
108,408,2018-01-01 10:17:57
264,742,2018-01-01 10:17:58
287,15077,2018-01-01 10:17:59
520,0,2018-01-01 10:18:00
305,311,2018-01-01 10:18:01
0,0,2018-01-01 10:18:02
357,933,2018-01-01 10:18:03
328,567,2018-01-01 10:18:04
0,0,2018-01-01 10:18:05
306,105725,2018-01-01 10:18:06
335,613,2018-01-01 10:18:07
334,6255,2018-01-01 10:18:08
210,373,2018-01-01 10:18:09
1270,333,2018-01-01 10:18:10
202,2834,2018-01-01 10:18:11
321,2714,2018-01-01 10:18:12
323,2304,2018-01-01 10:18:13
287,1509,2018-01-01 10:18:14
203,501,2018-01-01 10:18:15
182,0,2018-01-01 10:18:16
1032,0,2018-01-01 10:18:17
212,701,2018-01-01 10:18:18
0,0,2018-01-01 10:18:19
1032,0,2018-01-01 10:18:20
235,9165,2018-01-01 10:18:21
212,869,2018-01-01 10:18:22
270,10830,2018-01-01 10:18:23
234,2920,2018-01-01 10:18:24
42,42,2018-01-01 10:18:25
217,1875,2018-01-01 10:18:26
323,8542,2018-01-01 10:18:27
258,27062,2018-01-01 10:18:28
236,3222,2018-01-01 10:18:29
229,1141,2018-01-01 10:18:30
3008,328,2018-01-01 10:18:31
1183,326,2018-01-01 10:18:32
1032,0,2018-01-01 10:18:33
1032,0,2018-01-01 10:18:34
1032,0,2018-01-01 10:18:35
1047,326,2018-01-01 10:18:36
1181,333,2018-01-01 10:18:37
224,319,2018-01-01 10:18:38
811,333,2018-01-01 10:18:39
0,0,2018-01-01 10:18:40
105,146,2018-01-01 10:18:41
208,6805,2018-01-01 10:18:42
244,1093,2018-01-01 10:18:43
10389,0,2018-01-01 10:18:44
105,146,2018-01-01 10:18:45
288,1274,2018-01-01 10:18:46
307,5972,2018-01-01 10:18:47
224,1191,2018-01-01 10:18:48
303,882,2018-01-01 10:18:49
237,392,2018-01-01 10:18:50
286,1277,2018-01-01 10:18:51
756,331,2018-01-01 10:18:52
1321,332,2018-01-01 10:18:53
147,105,2018-01-01 10:18:54
224,1390,2018-01-01 10:18:55
783,326,2018-01-01 10:18:56
241,382,2018-01-01 10:18:57
218,462,2018-01-01 10:18:58
42,108,2018-01-01 10:18:59
147,105,2018-01-01 10:19:00
1032,0,2018-01-01 10:19:01
520,0,2018-01-01 10:19:02
0,0,2018-01-01 10:19:03
197,285,2018-01-01 10:19:04
313,398,2018-01-01 10:19:05
1032,0,2018-01-01 10:19:06
0,0,2018-01-01 10:19:07
520,0,2018-01-01 10:19:08
1032,0,2018-01-01 10:19:09
201,1800,2018-01-01 10:19:10
46,140,2018-01-01 10:19:11
330,4128,2018-01-01 10:19:12
207,278,2018-01-01 10:19:13
296,1458,2018-01-01 10:19:14
105,147,2018-01-01 10:19:15
204,875,2018-01-01 10:19:16
1407,364,2018-01-01 10:19:17
211,3776,2018-01-01 10:19:18
1032,0,2018-01-01 10:19:19
160,1777,2018-01-01 10:19:20
293,1847,2018-01-01 10:19:21
146,105,2018-01-01 10:19:22
175,1443,2018-01-01 10:19:23
1032,0,2018-01-01 10:19:24
45,45,2018-01-01 10:19:25
0,0,2018-01-01 10:19:26
146,105,2018-01-01 10:19:27
1159,328,2018-01-01 10:19:28
7233,0,2018-01-01 10:19:29
146,4097,2018-01-01 10:19:30
259,7938,2018-01-01 10:19:31
299,1042,2018-01-01 10:19:32
1032,0,2018-01-01 10:19:33
1032,0,2018-01-01 10:19:34
1235,327,2018-01-01 10:19:35
78,0,2018-01-01 10:19:36
641,0,2018-01-01 10:19:37
0,0,2018-01-01 10:19:38
1032,0,2018-01-01 10:19:39
235,774,2018-01-01 10:19:40
0,0,2018-01-01 10:19:41
11376,0,2018-01-01 10:19:42
1032,0,2018-01-01 10:19:43
312,1227,2018-01-01 10:19:44
300,537,2018-01-01 10:19:45
316,1874,2018-01-01 10:19:46
1032,0,2018-01-01 10:19:47
1032,0,2018-01-01 10:19:48
44,115,2018-01-01 10:19:49
340,1416,2018-01-01 10:19:50
310,2687,2018-01-01 10:19:51
317,6599,2018-01-01 10:19:52
1032,0,2018-01-01 10:19:53
30,83,2018-01-01 10:19:54
233,546,2018-01-01 10:19:55
198,659,2018-01-01 10:19:56
46,135,2018-01-01 10:19:57
347,2286,2018-01-01 10:19:58
33,0,2018-01-01 10:19:59
46,46,2018-01-01 10:20:00
105,146,2018-01-01 10:20:01
147,105,2018-01-01 10:20:02
340,1831,2018-01-01 10:20:03
352,8260,2018-01-01 10:20:04
105,146,2018-01-01 10:20:05
321,3833,2018-01-01 10:20:06
229,1403,2018-01-01 10:20:07
218,1904,2018-01-01 10:20:08
224,264,2018-01-01 10:20:09
1032,0,2018-01-01 10:20:10
597,332,2018-01-01 10:20:11
42,42,2018-01-01 10:20:12
1032,0,2018-01-01 10:20:13
332,248,2018-01-01 10:20:14
1830,0,2018-01-01 10:20:15
292,4624,2018-01-01 10:20:16
231,350,2018-01-01 10:20:17
733,337,2018-01-01 10:20:18
199,1594,2018-01-01 10:20:19
253,344,2018-01-01 10:20:20
221,5845,2018-01-01 10:20:21
1032,0,2018-01-01 10:20:22
197,2771,2018-01-01 10:20:23
247,406,2018-01-01 10:20:24
1032,0,2018-01-01 10:20:25
0,0,2018-01-01 10:20:26
147,0,2018-01-01 10:20:27
205,383,2018-01-01 10:20:28
1032,0,2018-01-01 10:20:29
249,2032,2018-01-01 10:20:30
222,16404,2018-01-01 10:20:31
213,8703,2018-01-01 10:20:32
44,113,2018-01-01 10:20:33
1032,0,2018-01-01 10:20:34
298,2531,2018-01-01 10:20:35
42,108,2018-01-01 10:20:36
331,2650,2018-01-01 10:20:37
1032,0,2018-01-01 10:20:38
227,6265,2018-01-01 10:20:39
0,0,2018-01-01 10:20:40
297,23430,2018-01-01 10:20:41
252,8134,2018-01-01 10:20:42
229,307,2018-01-01 10:20:43
1611,333,2018-01-01 10:20:44
1032,0,2018-01-01 10:20:45
42,42,2018-01-01 10:20:46
293,1873,2018-01-01 10:20:47
153,11361,2018-01-01 10:20:48
105,146,2018-01-01 10:20:49
1032,0,2018-01-01 10:20:50
242,1464,2018-01-01 10:20:51
1032,0,2018-01-01 10:20:52
147,105,2018-01-01 10:20:53
1032,0,2018-01-01 10:20:54
146,0,2018-01-01 10:20:55
216,1207,2018-01-01 10:20:56
329,707,2018-01-01 10:20:57
3676,0,2018-01-01 10:20:58
232,14597,2018-01-01 10:20:59
291,2457,2018-01-01 10:21:00
147,105,2018-01-01 10:21:01
146,105,2018-01-01 10:21:02
147,105,2018-01-01 10:21:03
323,454,2018-01-01 10:21:04
1032,0,2018-01-01 10:21:05
335,384,2018-01-01 10:21:06
43,128,2018-01-01 10:21:07
224,1409,2018-01-01 10:21:08
710,328,2018-01-01 10:21:09
1032,0,2018-01-01 10:21:10
105,145,2018-01-01 10:21:11
30,0,2018-01-01 10:21:12
105,147,2018-01-01 10:21:13
1032,0,2018-01-01 10:21:14
42,42,2018-01-01 10:21:15
105,0,2018-01-01 10:21:16
337,310,2018-01-01 10:21:17
205,1330,2018-01-01 10:21:18
146,105,2018-01-01 10:21:19
1032,0,2018-01-01 10:21:20
145,105,2018-01-01 10:21:21
1032,0,2018-01-01 10:21:22
105,146,2018-01-01 10:21:23
748,0,2018-01-01 10:21:24
1032,0,2018-01-01 10:21:25
290,255,2018-01-01 10:21:26
105,145,2018-01-01 10:21:27
1257,337,2018-01-01 10:21:28
599,329,2018-01-01 10:21:29
227,321,2018-01-01 10:21:30
105,145,2018-01-01 10:21:31
46,117,2018-01-01 10:21:32
48,48,2018-01-01 10:21:33
1032,0,2018-01-01 10:21:34
227,5973,2018-01-01 10:21:35
158,5156,2018-01-01 10:21:36
1766,0,2018-01-01 10:21:37
1032,0,2018-01-01 10:21:38
105,0,2018-01-01 10:21:39
246,45484,2018-01-01 10:21:40
309,3492,2018-01-01 10:21:41
160,3331,2018-01-01 10:21:42
332,8634,2018-01-01 10:21:43
520,0,2018-01-01 10:21:44
207,2833,2018-01-01 10:21:45
244,250,2018-01-01 10:21:46
305,0,2018-01-01 10:21:47
329,282,2018-01-01 10:21:48
247,1651,2018-01-01 10:21:49
147,105,2018-01-01 10:21:50
147,105,2018-01-01 10:21:51
209,2374,2018-01-01 10:21:52
236,1187,2018-01-01 10:21:53
256,1324,2018-01-01 10:21:54
1340,333,2018-01-01 10:21:55
336,443,2018-01-01 10:21:56
246,12382,2018-01-01 10:21:57
0,0,2018-01-01 10:21:58
228,279,2018-01-01 10:21:59
1032,0,2018-01-01 10:22:00
2250,333,2018-01-01 10:22:01
166,5249,2018-01-01 10:22:02
147,105,2018-01-01 10:22:03
251,1875,2018-01-01 10:22:04
0,0,2018-01-01 10:22:05
341,4438,2018-01-01 10:22:06
146,105,2018-01-01 10:22:07
235,2239,2018-01-01 10:22:08
1032,0,2018-01-01 10:22:09
286,3312,2018-01-01 10:22:10
1343,399,2018-01-01 10:22:11
125,0,2018-01-01 10:22:12
145,105,2018-01-01 10:22:13
241,9284,2018-01-01 10:22:14
0,0,2018-01-01 10:22:15
284,1984,2018-01-01 10:22:16
0,0,2018-01-01 10:22:17
270,255,2018-01-01 10:22:18
1032,0,2018-01-01 10:22:19
233,1738,2018-01-01 10:22:20
105,0,2018-01-01 10:22:21
346,885,2018-01-01 10:22:22
279,580,2018-01-01 10:22:23
343,6771,2018-01-01 10:22:24
238,397,2018-01-01 10:22:25
105,146,2018-01-01 10:22:26
217,4019,2018-01-01 10:22:27
192,0,2018-01-01 10:22:28
366,4084,2018-01-01 10:22:29
1032,0,2018-01-01 10:22:30
0,0,2018-01-01 10:22:31
105,147,2018-01-01 10:22:32
326,756,2018-01-01 10:22:33
145,105,2018-01-01 10:22:34
163,4903,2018-01-01 10:22:35
520,0,2018-01-01 10:22:36
249,757,2018-01-01 10:22:37
229,1695,2018-01-01 10:22:38
304,2631,2018-01-01 10:22:39
1032,0,2018-01-01 10:22:40
238,1527,2018-01-01 10:22:41
296,2445,2018-01-01 10:22:42
241,2481,2018-01-01 10:22:43
169,7969,2018-01-01 10:22:44
363,4815,2018-01-01 10:22:45
105,146,2018-01-01 10:22:46
1032,0,2018-01-01 10:22:47
0,0,2018-01-01 10:22:48
251,12922,2018-01-01 10:22:49
225,3127,2018-01-01 10:22:50
215,618,2018-01-01 10:22:51
105,146,2018-01-01 10:22:52
312,537,2018-01-01 10:22:53
1032,0,2018-01-01 10:22:54
303,9289,2018-01-01 10:22:55
147,105,2018-01-01 10:22:56
202,1942,2018-01-01 10:22:57
105,147,2018-01-01 10:22:58
226,2507,2018-01-01 10:22:59
145,105,2018-01-01 10:23:00
355,492,2018-01-01 10:23:01
1032,0,2018-01-01 10:23:02
336,1695,2018-01-01 10:23:03
1032,0,2018-01-01 10:23:04
0,0,2018-01-01 10:23:05
520,0,2018-01-01 10:23:06
778,333,2018-01-01 10:23:07
309,3468,2018-01-01 10:23:08
1032,0,2018-01-01 10:23:09
4753,0,2018-01-01 10:23:10
0,0,2018-01-01 10:23:11
0,0,2018-01-01 10:23:12
146,0,2018-01-01 10:23:13
290,6642,2018-01-01 10:23:14
219,401,2018-01-01 10:23:15
105,147,2018-01-01 10:23:16
1032,0,2018-01-01 10:23:17
256,9066,2018-01-01 10:23:18
245,1985,2018-01-01 10:23:19
228,2904,2018-01-01 10:23:20
168,13410,2018-01-01 10:23:21
325,27811,2018-01-01 10:23:22
1032,0,2018-01-01 10:23:23
105,146,2018-01-01 10:23:24
45,125,2018-01-01 10:23:25
105,0,2018-01-01 10:23:26
1032,0,2018-01-01 10:23:27
224,1742,2018-01-01 10:23:28
105,0,2018-01-01 10:23:29
45,121,2018-01-01 10:23:30
105,146,2018-01-01 10:23:31
209,753,2018-01-01 10:23:32
145,105,2018-01-01 10:23:33
245,7956,2018-01-01 10:23:34
1032,0,2018-01-01 10:23:35
217,74301,2018-01-01 10:23:36
1844,409,2018-01-01 10:23:37
233,772,2018-01-01 10:23:38
331,4413,2018-01-01 10:23:39
323,273,2018-01-01 10:23:40
303,2507,2018-01-01 10:23:41
0,0,2018-01-01 10:23:42
1032,0,2018-01-01 10:23:43
217,16904,2018-01-01 10:23:44
0,0,2018-01-01 10:23:45
105,147,2018-01-01 10:23:46
306,13716,2018-01-01 10:23:47
206,9763,2018-01-01 10:23:48
245,575,2018-01-01 10:23:49
220,482,2018-01-01 10:23:50
1032,0,2018-01-01 10:23:51
2828,333,2018-01-01 10:23:52
212,1443,2018-01-01 10:23:53
45,114,2018-01-01 10:23:54
0,0,2018-01-01 10:23:55
341,1249,2018-01-01 10:23:56
314,274,2018-01-01 10:23:57
346,1342,2018-01-01 10:23:58
287,1800,2018-01-01 10:23:59
303,1000,2018-01-01 10:24:00
0,0,2018-01-01 10:24:01
1032,0,2018-01-01 10:24:02
224,3154,2018-01-01 10:24:03
3663,339,2018-01-01 10:24:04
1032,0,2018-01-01 10:24:05
105,0,2018-01-01 10:24:06
287,811,2018-01-01 10:24:07
1032,0,2018-01-01 10:24:08
219,510,2018-01-01 10:24:09
864,331,2018-01-01 10:24:10
319,879,2018-01-01 10:24:11
1032,0,2018-01-01 10:24:12
265,619,2018-01-01 10:24:13
298,2126,2018-01-01 10:24:14
520,0,2018-01-01 10:24:15
45,128,2018-01-01 10:24:16
213,303,2018-01-01 10:24:17
298,256,2018-01-01 10:24:18
200,677,2018-01-01 10:24:19
225,3663,2018-01-01 10:24:20
212,327,2018-01-01 10:24:21
322,1423,2018-01-01 10:24:22
285,14102,2018-01-01 10:24:23
257,6537,2018-01-01 10:24:24
203,6242,2018-01-01 10:24:25
315,960,2018-01-01 10:24:26
231,36340,2018-01-01 10:24:27
216,594,2018-01-01 10:24:28
197,287,2018-01-01 10:24:29
233,2870,2018-01-01 10:24:30
327,391,2018-01-01 10:24:31
346,4214,2018-01-01 10:24:32
147,105,2018-01-01 10:24:33
1032,0,2018-01-01 10:24:34
147,0,2018-01-01 10:24:35
222,1449,2018-01-01 10:24:36
210,2237,2018-01-01 10:24:37
1654,329,2018-01-01 10:24:38
297,2312,2018-01-01 10:24:39
235,6627,2018-01-01 10:24:40
203,768,2018-01-01 10:24:41
146,105,2018-01-01 10:24:42
203,6479,2018-01-01 10:24:43
240,885,2018-01-01 10:24:44
789,333,2018-01-01 10:24:45
225,9529,2018-01-01 10:24:46
317,478,2018-01-01 10:24:47
289,498,2018-01-01 10:24:48
338,5835,2018-01-01 10:24:49
42,42,2018-01-01 10:24:50
201,25558,2018-01-01 10:24:51
0,0,2018-01-01 10:24:52
320,270,2018-01-01 10:24:53
1428,4145,2018-01-01 10:24:54
306,2543,2018-01-01 10:24:55
307,14638,2018-01-01 10:24:56
207,310,2018-01-01 10:24:57
520,0,2018-01-01 10:24:58
1032,0,2018-01-01 10:24:59
372,421,2018-01-01 10:25:00
239,483,2018-01-01 10:25:01
0,0,2018-01-01 10:25:02
147,105,2018-01-01 10:25:03
271,852,2018-01-01 10:25:04
105,147,2018-01-01 10:25:05
197,16696,2018-01-01 10:25:06
249,608,2018-01-01 10:25:07
43,43,2018-01-01 10:25:08
105,0,2018-01-01 10:25:09
1032,0,2018-01-01 10:25:10
340,1804,2018-01-01 10:25:11
147,0,2018-01-01 10:25:12
1032,0,2018-01-01 10:25:13
220,369,2018-01-01 10:25:14
147,105,2018-01-01 10:25:15
316,6979,2018-01-01 10:25:16
250,1481,2018-01-01 10:25:17
105,145,2018-01-01 10:25:18
1032,0,2018-01-01 10:25:19
1032,0,2018-01-01 10:25:20
200,2126,2018-01-01 10:25:21
235,731,2018-01-01 10:25:22
10044,0,2018-01-01 10:25:23
201,6810,2018-01-01 10:25:24
48,48,2018-01-01 10:25:25
1032,0,2018-01-01 10:25:26
319,525,2018-01-01 10:25:27
823,334,2018-01-01 10:25:28
210,284,2018-01-01 10:25:29
289,383,2018-01-01 10:25:30
313,4228,2018-01-01 10:25:31
298,2380,2018-01-01 10:25:32
105,146,2018-01-01 10:25:33
520,0,2018-01-01 10:25:34
336,1282,2018-01-01 10:25:35
297,2497,2018-01-01 10:25:36
245,1497,2018-01-01 10:25:37
274,2937,2018-01-01 10:25:38
182,0,2018-01-01 10:25:39
268,819,2018-01-01 10:25:40
0,0,2018-01-01 10:25:41
1032,0,2018-01-01 10:25:42
278,747,2018-01-01 10:25:43
151,0,2018-01-01 10:25:44
328,340,2018-01-01 10:25:45
7,139,2018-01-01 10:25:46
308,2753,2018-01-01 10:25:47
1032,0,2018-01-01 10:25:48
88,1753,2018-01-01 10:25:49
205,1600,2018-01-01 10:25:50
306,1065,2018-01-01 10:25:51
235,9165,2018-01-01 10:25:52
1032,0,2018-01-01 10:25:53
1746,325,2018-01-01 10:25:54
234,5280,2018-01-01 10:25:55
42,42,2018-01-01 10:25:56
14189,0,2018-01-01 10:25:57
229,2359,2018-01-01 10:25:58
520,0,2018-01-01 10:25:59
210,1384,2018-01-01 10:26:00
301,73,2018-01-01 10:26:01
147,105,2018-01-01 10:26:02
1001,333,2018-01-01 10:26:03
300,356,2018-01-01 10:26:04
1032,0,2018-01-01 10:26:05
299,1380,2018-01-01 10:26:06
245,16219,2018-01-01 10:26:07
198,671,2018-01-01 10:26:08
200,892,2018-01-01 10:26:09
0,0,2018-01-01 10:26:10
236,398,2018-01-01 10:26:11
146,105,2018-01-01 10:26:12
329,285,2018-01-01 10:26:13
287,12640,2018-01-01 10:26:14
255,7161,2018-01-01 10:26:15
145,105,2018-01-01 10:26:16
36,0,2018-01-01 10:26:17
232,5156,2018-01-01 10:26:18
717,330,2018-01-01 10:26:19
197,1335,2018-01-01 10:26:20
145,105,2018-01-01 10:26:21
520,0,2018-01-01 10:26:22
1470,0,2018-01-01 10:26:23
35195,0,2018-01-01 10:26:24
297,3963,2018-01-01 10:26:25
259,459,2018-01-01 10:26:26
1194,328,2018-01-01 10:26:27
167,9607,2018-01-01 10:26:28
300,1010,2018-01-01 10:26:29
329,2606,2018-01-01 10:26:30
48,48,2018-01-01 10:26:31
66,2840,2018-01-01 10:26:32
183,0,2018-01-01 10:26:33
146,0,2018-01-01 10:26:34
286,659,2018-01-01 10:26:35
197,315,2018-01-01 10:26:36
567,0,2018-01-01 10:26:37
105,147,2018-01-01 10:26:38
520,0,2018-01-01 10:26:39
1032,0,2018-01-01 10:26:40
1032,0,2018-01-01 10:26:41
105,0,2018-01-01 10:26:42
228,1451,2018-01-01 10:26:43
219,4759,2018-01-01 10:26:44
251,300,2018-01-01 10:26:45
304,783,2018-01-01 10:26:46
300,1252,2018-01-01 10:26:47
204,3623,2018-01-01 10:26:48
303,216,2018-01-01 10:26:49
763,284,2018-01-01 10:26:50
145,0,2018-01-01 10:26:51
1032,0,2018-01-01 10:26:52
210,1899,2018-01-01 10:26:53
105,0,2018-01-01 10:26:54
176,37793,2018-01-01 10:26:55
313,722,2018-01-01 10:26:56
188,5759,2018-01-01 10:26:57
1032,0,2018-01-01 10:26:58
318,270,2018-01-01 10:26:59
1032,0,2018-01-01 10:27:00
303,15618,2018-01-01 10:27:01
293,4203,2018-01-01 10:27:02
797,332,2018-01-01 10:27:03
1032,0,2018-01-01 10:27:04
1032,0,2018-01-01 10:27:05
213,11619,2018-01-01 10:27:06
214,1461,2018-01-01 10:27:07
264,327,2018-01-01 10:27:08
105,147,2018-01-01 10:27:09
1032,0,2018-01-01 10:27:10
105,145,2018-01-01 10:27:11
321,1090,2018-01-01 10:27:12
0,0,2018-01-01 10:27:13
1349,340,2018-01-01 10:27:14
105,145,2018-01-01 10:27:15
520,0,2018-01-01 10:27:16
280,1488,2018-01-01 10:27:17
1032,0,2018-01-01 10:27:18
1032,0,2018-01-01 10:27:19
105,145,2018-01-01 10:27:20
31,91,2018-01-01 10:27:21
210,7927,2018-01-01 10:27:22
213,2156,2018-01-01 10:27:23
1032,0,2018-01-01 10:27:24
250,2011,2018-01-01 10:27:25
1876,330,2018-01-01 10:27:26
520,0,2018-01-01 10:27:27
42,108,2018-01-01 10:27:28
274,313,2018-01-01 10:27:29
0,0,2018-01-01 10:27:30
1032,0,2018-01-01 10:27:31
520,0,2018-01-01 10:27:32
1032,0,2018-01-01 10:27:33
146,105,2018-01-01 10:27:34
314,1108,2018-01-01 10:27:35
1032,0,2018-01-01 10:27:36
178,8541,2018-01-01 10:27:37
304,9211,2018-01-01 10:27:38
44,73,2018-01-01 10:27:39
291,1193,2018-01-01 10:27:40
1305,329,2018-01-01 10:27:41
284,578,2018-01-01 10:27:42
1032,0,2018-01-01 10:27:43
105,147,2018-01-01 10:27:44
201,6306,2018-01-01 10:27:45
281,4500,2018-01-01 10:27:46
1032,0,2018-01-01 10:27:47
105,146,2018-01-01 10:27:48
147,105,2018-01-01 10:27:49
235,23436,2018-01-01 10:27:50
520,0,2018-01-01 10:27:51
10,39,2018-01-01 10:27:52
39,39,2018-01-01 10:27:53
0,0,2018-01-01 10:27:54
242,486,2018-01-01 10:27:55
325,1043,2018-01-01 10:27:56
700,337,2018-01-01 10:27:57
369,12872,2018-01-01 10:27:58
205,1260,2018-01-01 10:27:59
145,0,2018-01-01 10:28:00
219,2762,2018-01-01 10:28:01
209,318,2018-01-01 10:28:02
233,1738,2018-01-01 10:28:03
1032,0,2018-01-01 10:28:04
214,455,2018-01-01 10:28:05
247,6534,2018-01-01 10:28:06
105,146,2018-01-01 10:28:07
1032,0,2018-01-01 10:28:08
1032,0,2018-01-01 10:28:09
296,9195,2018-01-01 10:28:10
520,0,2018-01-01 10:28:11
146,105,2018-01-01 10:28:12
105,145,2018-01-01 10:28:13
226,1380,2018-01-01 10:28:14
240,313,2018-01-01 10:28:15
325,750,2018-01-01 10:28:16
266,9931,2018-01-01 10:28:17
223,1664,2018-01-01 10:28:18
1032,0,2018-01-01 10:28:19
197,5208,2018-01-01 10:28:20
105,146,2018-01-01 10:28:21
1032,0,2018-01-01 10:28:22
220,7165,2018-01-01 10:28:23
207,2684,2018-01-01 10:28:24
287,1660,2018-01-01 10:28:25
1032,0,2018-01-01 10:28:26
217,373,2018-01-01 10:28:27
294,459,2018-01-01 10:28:28
1070,227746,2018-01-01 10:28:29
214,23532,2018-01-01 10:28:30
305,5191,2018-01-01 10:28:31
938,388,2018-01-01 10:28:32
313,898,2018-01-01 10:28:33
338,2053,2018-01-01 10:28:34
278,398,2018-01-01 10:28:35
105,147,2018-01-01 10:28:36
256,675,2018-01-01 10:28:37
1032,0,2018-01-01 10:28:38
277,4030,2018-01-01 10:28:39
940,2720,2018-01-01 10:28:40
343,5835,2018-01-01 10:28:41
1521,326,2018-01-01 10:28:42
105,0,2018-01-01 10:28:43
105,145,2018-01-01 10:28:44
306,863,2018-01-01 10:28:45
1032,0,2018-01-01 10:28:46
322,3610,2018-01-01 10:28:47
369,806,2018-01-01 10:28:48
196,3116,2018-01-01 10:28:49
146,105,2018-01-01 10:28:50
29,45,2018-01-01 10:28:51
1032,0,2018-01-01 10:28:52
30,0,2018-01-01 10:28:53
218,461,2018-01-01 10:28:54
0,0,2018-01-01 10:28:55
229,5474,2018-01-01 10:28:56
193,613,2018-01-01 10:28:57
105,147,2018-01-01 10:28:58
1032,0,2018-01-01 10:28:59
105,145,2018-01-01 10:29:00
1032,0,2018-01-01 10:29:01
1032,0,2018-01-01 10:29:02
1032,0,2018-01-01 10:29:03
319,1767,2018-01-01 10:29:04
239,1471,2018-01-01 10:29:05
235,2507,2018-01-01 10:29:06
30,0,2018-01-01 10:29:07
146,105,2018-01-01 10:29:08
852,325,2018-01-01 10:29:09
293,255,2018-01-01 10:29:10
314,5338,2018-01-01 10:29:11
276,1042,2018-01-01 10:29:12
206,2371,2018-01-01 10:29:13
1032,0,2018-01-01 10:29:14
236,35128,2018-01-01 10:29:15
1032,0,2018-01-01 10:29:16
42082,45123,2018-01-01 10:29:17
6932,0,2018-01-01 10:29:18
146,105,2018-01-01 10:29:19
317,13016,2018-01-01 10:29:20
1032,0,2018-01-01 10:29:21
1032,0,2018-01-01 10:29:22
216,2504,2018-01-01 10:29:23
231,3855,2018-01-01 10:29:24
5558,0,2018-01-01 10:29:25
1032,0,2018-01-01 10:29:26
0,4,2018-01-01 10:29:27
147,105,2018-01-01 10:29:28
1032,0,2018-01-01 10:29:29
0,0,2018-01-01 10:29:30
1546,328,2018-01-01 10:29:31
1032,0,2018-01-01 10:29:32
216,2531,2018-01-01 10:29:33
310,2446,2018-01-01 10:29:34
1032,0,2018-01-01 10:29:35
959,331,2018-01-01 10:29:36
209,491,2018-01-01 10:29:37
250,1291,2018-01-01 10:29:38
147,0,2018-01-01 10:29:39
241,1946,2018-01-01 10:29:40
308,1434,2018-01-01 10:29:41
12,0,2018-01-01 10:29:42
1198,329,2018-01-01 10:29:43
8,141,2018-01-01 10:29:44
1032,0,2018-01-01 10:29:45
309,261,2018-01-01 10:29:46
1032,0,2018-01-01 10:29:47
983,365,2018-01-01 10:29:48
315,9998,2018-01-01 10:29:49
45,137,2018-01-01 10:29:50
209,498,2018-01-01 10:29:51
1032,0,2018-01-01 10:29:52
299,2662,2018-01-01 10:29:53
0,0,2018-01-01 10:29:54
1032,0,2018-01-01 10:29:55
324,4149,2018-01-01 10:29:56
360,771,2018-01-01 10:29:57
211,1366,2018-01-01 10:29:58
35,130,2018-01-01 10:29:59
310,13380,2018-01-01 10:30:00
335,363,2018-01-01 10:30:01
250,5748,2018-01-01 10:30:02
520,0,2018-01-01 10:30:03
105,146,2018-01-01 10:30:04
1462,328,2018-01-01 10:30:05
43,129,2018-01-01 10:30:06
2570,327,2018-01-01 10:30:07
295,753,2018-01-01 10:30:08
105,146,2018-01-01 10:30:09
319,2808,2018-01-01 10:30:10
1032,0,2018-01-01 10:30:11
315,1215,2018-01-01 10:30:12
203,2557,2018-01-01 10:30:13
210,1373,2018-01-01 10:30:14
0,0,2018-01-01 10:30:15
226,2536,2018-01-01 10:30:16
222,1156,2018-01-01 10:30:17
313,25519,2018-01-01 10:30:18
246,1628,2018-01-01 10:30:19
520,0,2018-01-01 10:30:20
197,1279,2018-01-01 10:30:21
242,3276,2018-01-01 10:30:22
280,23843,2018-01-01 10:30:23
105,147,2018-01-01 10:30:24
325,17030,2018-01-01 10:30:25
0,0,2018-01-01 10:30:26
520,0,2018-01-01 10:30:27
1032,0,2018-01-01 10:30:28
330,1149,2018-01-01 10:30:29
105,146,2018-01-01 10:30:30
251,6010,2018-01-01 10:30:31
213,1346,2018-01-01 10:30:32
286,307,2018-01-01 10:30:33
195,5321,2018-01-01 10:30:34
1032,0,2018-01-01 10:30:35
198,1307,2018-01-01 10:30:36
1001,376,2018-01-01 10:30:37
8173,0,2018-01-01 10:30:38
1150,324,2018-01-01 10:30:39
209,15928,2018-01-01 10:30:40
230,1936,2018-01-01 10:30:41
237,642,2018-01-01 10:30:42
244,1053,2018-01-01 10:30:43
147,105,2018-01-01 10:30:44
215,3435,2018-01-01 10:30:45
236,2063,2018-01-01 10:30:46
212,298,2018-01-01 10:30:47
40494,0,2018-01-01 10:30:48
213,24572,2018-01-01 10:30:49
206,12410,2018-01-01 10:30:50
209,2408,2018-01-01 10:30:51
280,885,2018-01-01 10:30:52
281,1395,2018-01-01 10:30:53
237,1435,2018-01-01 10:30:54
520,0,2018-01-01 10:30:55
105,105,2018-01-01 10:30:56
336,1591,2018-01-01 10:30:57
233,4779,2018-01-01 10:30:58
1032,0,2018-01-01 10:30:59
3909,0,2018-01-01 10:31:00
30,0,2018-01-01 10:31:01
289,483,2018-01-01 10:31:02
0,0,2018-01-01 10:31:03
291,301,2018-01-01 10:31:04
162,19994,2018-01-01 10:31:05
520,0,2018-01-01 10:31:06
145,105,2018-01-01 10:31:07
280,934,2018-01-01 10:31:08
351,1176,2018-01-01 10:31:09
0,0,2018-01-01 10:31:10
520,0,2018-01-01 10:31:11
317,3051,2018-01-01 10:31:12
315,261,2018-01-01 10:31:13
1032,0,2018-01-01 10:31:14
146,0,2018-01-01 10:31:15
303,261,2018-01-01 10:31:16
1032,0,2018-01-01 10:31:17
314,810,2018-01-01 10:31:18
1032,0,2018-01-01 10:31:19
46,46,2018-01-01 10:31:20
34,91,2018-01-01 10:31:21
313,25519,2018-01-01 10:31:22
209,248,2018-01-01 10:31:23
219,1899,2018-01-01 10:31:24
203,0,2018-01-01 10:31:25
327,2570,2018-01-01 10:31:26
520,0,2018-01-01 10:31:27
265,279,2018-01-01 10:31:28
105,0,2018-01-01 10:31:29
286,903,2018-01-01 10:31:30
1032,0,2018-01-01 10:31:31
1032,0,2018-01-01 10:31:32
210,943,2018-01-01 10:31:33
105,0,2018-01-01 10:31:34
182,0,2018-01-01 10:31:35
189,1558,2018-01-01 10:31:36
0,0,2018-01-01 10:31:37
237,521,2018-01-01 10:31:38
30,0,2018-01-01 10:31:39
992,328,2018-01-01 10:31:40
362,1596,2018-01-01 10:31:41
310,839,2018-01-01 10:31:42
1032,0,2018-01-01 10:31:43
46,71,2018-01-01 10:31:44
1032,0,2018-01-01 10:31:45
1552,327,2018-01-01 10:31:46
0,0,2018-01-01 10:31:47
310,291,2018-01-01 10:31:48
1273,334,2018-01-01 10:31:49
1032,0,2018-01-01 10:31:50
517,14534,2018-01-01 10:31:51
147,105,2018-01-01 10:31:52
1032,0,2018-01-01 10:31:53
0,0,2018-01-01 10:31:54
1032,0,2018-01-01 10:31:55
1184,335,2018-01-01 10:31:56
520,0,2018-01-01 10:31:57
42,42,2018-01-01 10:31:58
234,741,2018-01-01 10:31:59
105,147,2018-01-01 10:32:00
6932,0,2018-01-01 10:32:01
46,46,2018-01-01 10:32:02
268,21994,2018-01-01 10:32:03
197,299,2018-01-01 10:32:04
235,38693,2018-01-01 10:32:05
812,335,2018-01-01 10:32:06
305,260,2018-01-01 10:32:07
344,828,2018-01-01 10:32:08
215,1025,2018-01-01 10:32:09
1032,0,2018-01-01 10:32:10
230,1075,2018-01-01 10:32:11
1032,0,2018-01-01 10:32:12
214,1192,2018-01-01 10:32:13
182,0,2018-01-01 10:32:14
105,145,2018-01-01 10:32:15
849,496,2018-01-01 10:32:16
146,105,2018-01-01 10:32:17
339,293,2018-01-01 10:32:18
262,3920,2018-01-01 10:32:19
333,1818,2018-01-01 10:32:20
298,808,2018-01-01 10:32:21
268,608,2018-01-01 10:32:22
1032,0,2018-01-01 10:32:23
1032,0,2018-01-01 10:32:24
1032,0,2018-01-01 10:32:25
1032,0,2018-01-01 10:32:26
217,1721,2018-01-01 10:32:27
2229,338,2018-01-01 10:32:28
147,105,2018-01-01 10:32:29
288,893,2018-01-01 10:32:30
0,0,2018-01-01 10:32:31
1032,0,2018-01-01 10:32:32
264,646,2018-01-01 10:32:33
337,543,2018-01-01 10:32:34
334,7947,2018-01-01 10:32:35
146,105,2018-01-01 10:32:36
1032,0,2018-01-01 10:32:37
234,11843,2018-01-01 10:32:38
199,1007,2018-01-01 10:32:39
211,313,2018-01-01 10:32:40
309,3232,2018-01-01 10:32:41
105,146,2018-01-01 10:32:42
53,119,2018-01-01 10:32:43
105,0,2018-01-01 10:32:44
1032,0,2018-01-01 10:32:45
173,12003,2018-01-01 10:32:46
42,108,2018-01-01 10:32:47
520,0,2018-01-01 10:32:48
105,147,2018-01-01 10:32:49
221,2999,2018-01-01 10:32:50
281,1070,2018-01-01 10:32:51
147,105,2018-01-01 10:32:52
308,29043,2018-01-01 10:32:53
355,453,2018-01-01 10:32:54
233,833,2018-01-01 10:32:55
1189,339,2018-01-01 10:32:56
206,1491,2018-01-01 10:32:57
1032,0,2018-01-01 10:32:58
224,1159,2018-01-01 10:32:59
227,608,2018-01-01 10:33:00
1032,0,2018-01-01 10:33:01
147,105,2018-01-01 10:33:02
1032,0,2018-01-01 10:33:03
520,0,2018-01-01 10:33:04
15377,0,2018-01-01 10:33:05
313,34897,2018-01-01 10:33:06
250,5198,2018-01-01 10:33:07
239,285,2018-01-01 10:33:08
1032,0,2018-01-01 10:33:09
1032,0,2018-01-01 10:33:10
0,0,2018-01-01 10:33:11
105,0,2018-01-01 10:33:12
105,147,2018-01-01 10:33:13
1032,0,2018-01-01 10:33:14
516,4,2018-01-01 10:33:15
1032,0,2018-01-01 10:33:16
0,0,2018-01-01 10:33:17
152,5476,2018-01-01 10:33:18
520,0,2018-01-01 10:33:19
219,5280,2018-01-01 10:33:20
206,4427,2018-01-01 10:33:21
216,458,2018-01-01 10:33:22
364,4087,2018-01-01 10:33:23
747,1104466,2018-01-01 10:33:24
180,15340,2018-01-01 10:33:25
333,309,2018-01-01 10:33:26
105,145,2018-01-01 10:33:27
359,252,2018-01-01 10:33:28
341,284,2018-01-01 10:33:29
147,0,2018-01-01 10:33:30
520,0,2018-01-01 10:33:31
288,762,2018-01-01 10:33:32
146,105,2018-01-01 10:33:33
1032,0,2018-01-01 10:33:34
1032,0,2018-01-01 10:33:35
146,105,2018-01-01 10:33:36
105,147,2018-01-01 10:33:37
232,1816,2018-01-01 10:33:38
147,105,2018-01-01 10:33:39
12324,0,2018-01-01 10:33:40
1032,0,2018-01-01 10:33:41
146,105,2018-01-01 10:33:42
1032,0,2018-01-01 10:33:43
191,483,2018-01-01 10:33:44
0,0,2018-01-01 10:33:45
105,146,2018-01-01 10:33:46
302,2569,2018-01-01 10:33:47
88,0,2018-01-01 10:33:48
300,4326,2018-01-01 10:33:49
210,2663,2018-01-01 10:33:50
347,935,2018-01-01 10:33:51
45,114,2018-01-01 10:33:52
318,1219,2018-01-01 10:33:53
105,147,2018-01-01 10:33:54
336,253,2018-01-01 10:33:55
520,0,2018-01-01 10:33:56
1032,0,2018-01-01 10:33:57
1171,327,2018-01-01 10:33:58
146,105,2018-01-01 10:33:59
1032,0,2018-01-01 10:34:00
1037,333,2018-01-01 10:34:01
310,986,2018-01-01 10:34:02
229,398,2018-01-01 10:34:03
45,45,2018-01-01 10:34:04
148,432,2018-01-01 10:34:05
310,11406,2018-01-01 10:34:06
1032,0,2018-01-01 10:34:07
250,294,2018-01-01 10:34:08
309,1158,2018-01-01 10:34:09
1032,0,2018-01-01 10:34:10
326,20340,2018-01-01 10:34:11
236,2015,2018-01-01 10:34:12
252,4379,2018-01-01 10:34:13
215,4205,2018-01-01 10:34:14
45,135,2018-01-01 10:34:15
12165,0,2018-01-01 10:34:16
318,1426,2018-01-01 10:34:17
348,3301,2018-01-01 10:34:18
520,0,2018-01-01 10:34:19
91,0,2018-01-01 10:34:20
359,715,2018-01-01 10:34:21
45,115,2018-01-01 10:34:22
1212,322,2018-01-01 10:34:23
294,4321,2018-01-01 10:34:24
307,1388,2018-01-01 10:34:25
1032,0,2018-01-01 10:34:26
213,16132,2018-01-01 10:34:27
1032,0,2018-01-01 10:34:28
44,113,2018-01-01 10:34:29
1032,0,2018-01-01 10:34:30
1155,332,2018-01-01 10:34:31
222,2530,2018-01-01 10:34:32
2363,330,2018-01-01 10:34:33
931,329,2018-01-01 10:34:34
309,3222,2018-01-01 10:34:35
46,46,2018-01-01 10:34:36
302,871,2018-01-01 10:34:37
228,1532,2018-01-01 10:34:38
105,0,2018-01-01 10:34:39
147,105,2018-01-01 10:34:40
309,16006,2018-01-01 10:34:41
277,1690,2018-01-01 10:34:42
241,3098,2018-01-01 10:34:43
147,0,2018-01-01 10:34:44
294,367,2018-01-01 10:34:45
240,259,2018-01-01 10:34:46
0,0,2018-01-01 10:34:47
40494,0,2018-01-01 10:34:48
327,2242,2018-01-01 10:34:49
9,281,2018-01-01 10:34:50
3267,330,2018-01-01 10:34:51
202,3467,2018-01-01 10:34:52
1032,0,2018-01-01 10:34:53
1032,0,2018-01-01 10:34:54
252,830,2018-01-01 10:34:55
105,0,2018-01-01 10:34:56
285,858,2018-01-01 10:34:57
288,352,2018-01-01 10:34:58
296,1918,2018-01-01 10:34:59
328,771,2018-01-01 10:35:00
1496,326,2018-01-01 10:35:01
1032,0,2018-01-01 10:35:02
1032,0,2018-01-01 10:35:03
209,1018,2018-01-01 10:35:04
0,0,2018-01-01 10:35:05
281,7355,2018-01-01 10:35:06
203,781,2018-01-01 10:35:07
311,1851,2018-01-01 10:35:08
256,10121,2018-01-01 10:35:09
226,63112,2018-01-01 10:35:10
327,14042,2018-01-01 10:35:11
652,333,2018-01-01 10:35:12
232,379,2018-01-01 10:35:13
236,215,2018-01-01 10:35:14
147,105,2018-01-01 10:35:15
274,1201,2018-01-01 10:35:16
0,0,2018-01-01 10:35:17
383,0,2018-01-01 10:35:18
304,652,2018-01-01 10:35:19
105,145,2018-01-01 10:35:20
1562,321,2018-01-01 10:35:21
262,1624,2018-01-01 10:35:22
210,1691,2018-01-01 10:35:23
307,2239,2018-01-01 10:35:24
319,1792,2018-01-01 10:35:25
223,1600,2018-01-01 10:35:26
44,110,2018-01-01 10:35:27
222,279,2018-01-01 10:35:28
232,1092,2018-01-01 10:35:29
43,69,2018-01-01 10:35:30
235,2371,2018-01-01 10:35:31
44,132,2018-01-01 10:35:32
255,3112,2018-01-01 10:35:33
1032,0,2018-01-01 10:35:34
273,11943,2018-01-01 10:35:35
327,2109,2018-01-01 10:35:36
1153,0,2018-01-01 10:35:37
105,145,2018-01-01 10:35:38
197,380,2018-01-01 10:35:39
290,29710,2018-01-01 10:35:40
219,1248,2018-01-01 10:35:41
1189,325,2018-01-01 10:35:42
105,146,2018-01-01 10:35:43
212,4210,2018-01-01 10:35:44
184,1619,2018-01-01 10:35:45
156,2316,2018-01-01 10:35:46
194,0,2018-01-01 10:35:47
44,128,2018-01-01 10:35:48
520,0,2018-01-01 10:35:49
4542,0,2018-01-01 10:35:50
233,1931,2018-01-01 10:35:51
352,1833,2018-01-01 10:35:52
238,622,2018-01-01 10:35:53
350,1783,2018-01-01 10:35:54
217,4692,2018-01-01 10:35:55
0,0,2018-01-01 10:35:56
1098,334,2018-01-01 10:35:57
105,0,2018-01-01 10:35:58
3888,0,2018-01-01 10:35:59
6,136,2018-01-01 10:36:00
1398,409,2018-01-01 10:36:01
786,330,2018-01-01 10:36:02
221,2196,2018-01-01 10:36:03
5092,0,2018-01-01 10:36:04
105,146,2018-01-01 10:36:05
45,75,2018-01-01 10:36:06
1032,0,2018-01-01 10:36:07
0,0,2018-01-01 10:36:08
204,525,2018-01-01 10:36:09
46,46,2018-01-01 10:36:10
2966,333,2018-01-01 10:36:11
1032,0,2018-01-01 10:36:12
520,0,2018-01-01 10:36:13
343,379,2018-01-01 10:36:14
145,0,2018-01-01 10:36:15
296,1230,2018-01-01 10:36:16
331,1694,2018-01-01 10:36:17
309,5502,2018-01-01 10:36:18
44,44,2018-01-01 10:36:19
383,0,2018-01-01 10:36:20
91,0,2018-01-01 10:36:21
237,11436,2018-01-01 10:36:22
1273,328,2018-01-01 10:36:23
1011,329,2018-01-01 10:36:24
1032,0,2018-01-01 10:36:25
1032,0,2018-01-01 10:36:26
214,1934,2018-01-01 10:36:27
216,78636,2018-01-01 10:36:28
0,0,2018-01-01 10:36:29
1032,0,2018-01-01 10:36:30
520,0,2018-01-01 10:36:31
1336,332,2018-01-01 10:36:32
520,0,2018-01-01 10:36:33
1032,0,2018-01-01 10:36:34
105,147,2018-01-01 10:36:35
78,0,2018-01-01 10:36:36
225,1220,2018-01-01 10:36:37
269,1592,2018-01-01 10:36:38
146,0,2018-01-01 10:36:39
9,0,2018-01-01 10:36:40
297,493,2018-01-01 10:36:41
287,1502,2018-01-01 10:36:42
223,488,2018-01-01 10:36:43
105,145,2018-01-01 10:36:44
274,4841,2018-01-01 10:36:45
319,1875,2018-01-01 10:36:46
237,1128,2018-01-01 10:36:47
146,105,2018-01-01 10:36:48
1032,0,2018-01-01 10:36:49
0,0,2018-01-01 10:36:50
202,3016,2018-01-01 10:36:51
1032,0,2018-01-01 10:36:52
105,0,2018-01-01 10:36:53
305,765,2018-01-01 10:36:54
0,0,2018-01-01 10:36:55
203,409,2018-01-01 10:36:56
105,147,2018-01-01 10:36:57
0,0,2018-01-01 10:36:58
189,313,2018-01-01 10:36:59
206,279,2018-01-01 10:37:00
42,42,2018-01-01 10:37:01
147,105,2018-01-01 10:37:02
145,105,2018-01-01 10:37:03
315,511,2018-01-01 10:37:04
105,147,2018-01-01 10:37:05
293,3433,2018-01-01 10:37:06
235,2489,2018-01-01 10:37:07
206,457,2018-01-01 10:37:08
1032,0,2018-01-01 10:37:09
603,332,2018-01-01 10:37:10
159,450,2018-01-01 10:37:11
145,105,2018-01-01 10:37:12
1032,0,2018-01-01 10:37:13
205,1719,2018-01-01 10:37:14
235,1600,2018-01-01 10:37:15
1032,0,2018-01-01 10:37:16
246,614,2018-01-01 10:37:17
147,105,2018-01-01 10:37:18
1032,0,2018-01-01 10:37:19
520,0,2018-01-01 10:37:20
303,217,2018-01-01 10:37:21
270,1841,2018-01-01 10:37:22
105,0,2018-01-01 10:37:23
171,2924,2018-01-01 10:37:24
253,4364,2018-01-01 10:37:25
329,246,2018-01-01 10:37:26
520,0,2018-01-01 10:37:27
0,0,2018-01-01 10:37:28
1032,0,2018-01-01 10:37:29
165,5298,2018-01-01 10:37:30
17,70,2018-01-01 10:37:31
9311,0,2018-01-01 10:37:32
848,478,2018-01-01 10:37:33
361,586,2018-01-01 10:37:34
221,2929,2018-01-01 10:37:35
0,0,2018-01-01 10:37:36
1032,0,2018-01-01 10:37:37
174,4550,2018-01-01 10:37:38
520,0,2018-01-01 10:37:39
286,1523,2018-01-01 10:37:40
295,2446,2018-01-01 10:37:41
1032,0,2018-01-01 10:37:42
196,13911,2018-01-01 10:37:43
105,147,2018-01-01 10:37:44
242,3710,2018-01-01 10:37:45
46,46,2018-01-01 10:37:46
1032,0,2018-01-01 10:37:47
315,811,2018-01-01 10:37:48
242,24847,2018-01-01 10:37:49
260,1638,2018-01-01 10:37:50
215,1376,2018-01-01 10:37:51
1415,329,2018-01-01 10:37:52
1032,0,2018-01-01 10:37:53
1032,0,2018-01-01 10:37:54
249,1085,2018-01-01 10:37:55
186,530,2018-01-01 10:37:56
34,34,2018-01-01 10:37:57
176,6214,2018-01-01 10:37:58
219,595,2018-01-01 10:37:59
220,25672,2018-01-01 10:38:00
245,8015,2018-01-01 10:38:01
311,2098,2018-01-01 10:38:02
220,12822,2018-01-01 10:38:03
226,1630,2018-01-01 10:38:04
345,9999,2018-01-01 10:38:05
168,781,2018-01-01 10:38:06
220,1060,2018-01-01 10:38:07
204,8218,2018-01-01 10:38:08
1032,0,2018-01-01 10:38:09
810,1349031,2018-01-01 10:38:10
222,1380,2018-01-01 10:38:11
322,1838,2018-01-01 10:38:12
1032,0,2018-01-01 10:38:13
226,184,2018-01-01 10:38:14
3082,331,2018-01-01 10:38:15
36,0,2018-01-01 10:38:16
236,4428,2018-01-01 10:38:17
358,187,2018-01-01 10:38:18
105,0,2018-01-01 10:38:19
196,2013,2018-01-01 10:38:20
0,0,2018-01-01 10:38:21
30,0,2018-01-01 10:38:22
145,0,2018-01-01 10:38:23
204,1109,2018-01-01 10:38:24
213,1410,2018-01-01 10:38:25
45,45,2018-01-01 10:38:26
249,7737,2018-01-01 10:38:27
19,0,2018-01-01 10:38:28
1097,322,2018-01-01 10:38:29
740,281,2018-01-01 10:38:30
3357,328,2018-01-01 10:38:31
214,2165,2018-01-01 10:38:32
309,415,2018-01-01 10:38:33
289,384,2018-01-01 10:38:34
345,882,2018-01-01 10:38:35
300,15300,2018-01-01 10:38:36
1032,0,2018-01-01 10:38:37
914,282,2018-01-01 10:38:38
200,294,2018-01-01 10:38:39
147,0,2018-01-01 10:38:40
105,147,2018-01-01 10:38:41
105,146,2018-01-01 10:38:42
42,42,2018-01-01 10:38:43
258,286,2018-01-01 10:38:44
30,0,2018-01-01 10:38:45
218,314,2018-01-01 10:38:46
105,0,2018-01-01 10:38:47
520,0,2018-01-01 10:38:48
232,531,2018-01-01 10:38:49
207,2371,2018-01-01 10:38:50
145,105,2018-01-01 10:38:51
0,0,2018-01-01 10:38:52
147,30113,2018-01-01 10:38:53
1032,0,2018-01-01 10:38:54
0,0,2018-01-01 10:38:55
218,327,2018-01-01 10:38:56
1032,0,2018-01-01 10:38:57
216,559,2018-01-01 10:38:58
105,145,2018-01-01 10:38:59
30,0,2018-01-01 10:39:00
191,910,2018-01-01 10:39:01
198,27548,2018-01-01 10:39:02
284,2081,2018-01-01 10:39:03
520,0,2018-01-01 10:39:04
205,3683,2018-01-01 10:39:05
105,0,2018-01-01 10:39:06
1032,0,2018-01-01 10:39:07
1348,330,2018-01-01 10:39:08
314,175,2018-01-01 10:39:09
261,14116,2018-01-01 10:39:10
520,0,2018-01-01 10:39:11
291,313,2018-01-01 10:39:12
146,105,2018-01-01 10:39:13
105,145,2018-01-01 10:39:14
229,4167,2018-01-01 10:39:15
46,46,2018-01-01 10:39:16
281,32544,2018-01-01 10:39:17
206,525,2018-01-01 10:39:18
298,318,2018-01-01 10:39:19
1032,0,2018-01-01 10:39:20
338,1331,2018-01-01 10:39:21
202,989,2018-01-01 10:39:22
309,2751,2018-01-01 10:39:23
289,15171,2018-01-01 10:39:24
1291,327,2018-01-01 10:39:25
209,418,2018-01-01 10:39:26
1012,328,2018-01-01 10:39:27
236,398,2018-01-01 10:39:28
247,1888,2018-01-01 10:39:29
285,1337,2018-01-01 10:39:30
343,1069,2018-01-01 10:39:31
328,595,2018-01-01 10:39:32
43,128,2018-01-01 10:39:33
320,1745,2018-01-01 10:39:34
7162,0,2018-01-01 10:39:35
105,147,2018-01-01 10:39:36
105,147,2018-01-01 10:39:37
1032,0,2018-01-01 10:39:38
45,111,2018-01-01 10:39:39
228,274,2018-01-01 10:39:40
236,997,2018-01-01 10:39:41
1032,0,2018-01-01 10:39:42
1422,332,2018-01-01 10:39:43
203,3397,2018-01-01 10:39:44
201,24840,2018-01-01 10:39:45
8,224,2018-01-01 10:39:46
1696,336,2018-01-01 10:39:47
220,15416,2018-01-01 10:39:48
1032,0,2018-01-01 10:39:49
182,3557,2018-01-01 10:39:50
203,0,2018-01-01 10:39:51
183,0,2018-01-01 10:39:52
308,1434,2018-01-01 10:39:53
373,0,2018-01-01 10:39:54
1705,330,2018-01-01 10:39:55
12324,0,2018-01-01 10:39:56
223,337,2018-01-01 10:39:57
105,147,2018-01-01 10:39:58
309,449,2018-01-01 10:39:59
1061,3081,2018-01-01 10:40:00
220,3211,2018-01-01 10:40:01
204,7203,2018-01-01 10:40:02
317,390,2018-01-01 10:40:03
252,8134,2018-01-01 10:40:04
697,331,2018-01-01 10:40:05
105,0,2018-01-01 10:40:06
146,0,2018-01-01 10:40:07
320,255,2018-01-01 10:40:08
307,183,2018-01-01 10:40:09
0,0,2018-01-01 10:40:10
288,24860,2018-01-01 10:40:11
200,972,2018-01-01 10:40:12
1283,332,2018-01-01 10:40:13
2285,370,2018-01-01 10:40:14
229,195,2018-01-01 10:40:15
46,46,2018-01-01 10:40:16
304,261,2018-01-01 10:40:17
1032,0,2018-01-01 10:40:18
0,0,2018-01-01 10:40:19
180,174,2018-01-01 10:40:20
748,0,2018-01-01 10:40:21
185,2548,2018-01-01 10:40:22
351,2040,2018-01-01 10:40:23
105,146,2018-01-01 10:40:24
105,147,2018-01-01 10:40:25
1032,0,2018-01-01 10:40:26
329,4556,2018-01-01 10:40:27
348,2050,2018-01-01 10:40:28
145,128,2018-01-01 10:40:29
276,2037,2018-01-01 10:40:30
146,105,2018-01-01 10:40:31
1241,328,2018-01-01 10:40:32
259,3834,2018-01-01 10:40:33
269,6084,2018-01-01 10:40:34
146,105,2018-01-01 10:40:35
43,126,2018-01-01 10:40:36
220,1248,2018-01-01 10:40:37
520,0,2018-01-01 10:40:38
228,3276,2018-01-01 10:40:39
279,10656,2018-01-01 10:40:40
218,387,2018-01-01 10:40:41
520,0,2018-01-01 10:40:42
215,1414,2018-01-01 10:40:43
8,136,2018-01-01 10:40:44
242,7525,2018-01-01 10:40:45
4013,329,2018-01-01 10:40:46
1468,429,2018-01-01 10:40:47
204,2312,2018-01-01 10:40:48
105,147,2018-01-01 10:40:49
218,538,2018-01-01 10:40:50
1032,0,2018-01-01 10:40:51
0,0,2018-01-01 10:40:52
105,147,2018-01-01 10:40:53
291,303,2018-01-01 10:40:54
248,1420,2018-01-01 10:40:55
159,9743,2018-01-01 10:40:56
206,276,2018-01-01 10:40:57
299,3421,2018-01-01 10:40:58
105,0,2018-01-01 10:40:59
1032,0,2018-01-01 10:41:00
223,4092,2018-01-01 10:41:01
0,0,2018-01-01 10:41:02
247,2280,2018-01-01 10:41:03
1032,0,2018-01-01 10:41:04
250,419,2018-01-01 10:41:05
305,1818,2018-01-01 10:41:06
229,1946,2018-01-01 10:41:07
292,28022,2018-01-01 10:41:08
8325,0,2018-01-01 10:41:09
308,608,2018-01-01 10:41:10
340,7412,2018-01-01 10:41:11
232,310,2018-01-01 10:41:12
567,0,2018-01-01 10:41:13
1032,0,2018-01-01 10:41:14
193,343,2018-01-01 10:41:15
764,329,2018-01-01 10:41:16
145,105,2018-01-01 10:41:17
145,105,2018-01-01 10:41:18
282,2427,2018-01-01 10:41:19
146,105,2018-01-01 10:41:20
520,0,2018-01-01 10:41:21
1032,0,2018-01-01 10:41:22
234,1386,2018-01-01 10:41:23
2067,327,2018-01-01 10:41:24
105,146,2018-01-01 10:41:25
105,146,2018-01-01 10:41:26
520,0,2018-01-01 10:41:27
1032,0,2018-01-01 10:41:28
0,0,2018-01-01 10:41:29
1032,0,2018-01-01 10:41:30
177,13567,2018-01-01 10:41:31
326,19525,2018-01-01 10:41:32
307,557,2018-01-01 10:41:33
853,330,2018-01-01 10:41:34
147,105,2018-01-01 10:41:35
147,105,2018-01-01 10:41:36
260,1721,2018-01-01 10:41:37
323,2136,2018-01-01 10:41:38
838,329,2018-01-01 10:41:39
306,714,2018-01-01 10:41:40
282,362,2018-01-01 10:41:41
5558,0,2018-01-01 10:41:42
285,599,2018-01-01 10:41:43
1032,0,2018-01-01 10:41:44
1032,0,2018-01-01 10:41:45
347,351,2018-01-01 10:41:46
1139,375,2018-01-01 10:41:47
192,885,2018-01-01 10:41:48
190,6931,2018-01-01 10:41:49
227,1075,2018-01-01 10:41:50
33,0,2018-01-01 10:41:51
105,146,2018-01-01 10:41:52
0,0,2018-01-01 10:41:53
218,6534,2018-01-01 10:41:54
223,2529,2018-01-01 10:41:55
188,55,2018-01-01 10:41:56
237,16858,2018-01-01 10:41:57
324,313,2018-01-01 10:41:58
263,6738,2018-01-01 10:41:59
248,811,2018-01-01 10:42:00
220,2156,2018-01-01 10:42:01
1032,0,2018-01-01 10:42:02
317,3279,2018-01-01 10:42:03
1490,327,2018-01-01 10:42:04
307,237,2018-01-01 10:42:05
147,105,2018-01-01 10:42:06
44,44,2018-01-01 10:42:07
1032,0,2018-01-01 10:42:08
324,1112,2018-01-01 10:42:09
146,105,2018-01-01 10:42:10
105,146,2018-01-01 10:42:11
923,333,2018-01-01 10:42:12
45,45,2018-01-01 10:42:13
322,498,2018-01-01 10:42:14
520,0,2018-01-01 10:42:15
146,0,2018-01-01 10:42:16
1032,0,2018-01-01 10:42:17
33,0,2018-01-01 10:42:18
1657,340,2018-01-01 10:42:19
63,0,2018-01-01 10:42:20
306,2870,2018-01-01 10:42:21
147,105,2018-01-01 10:42:22
218,389,2018-01-01 10:42:23
9178,0,2018-01-01 10:42:24
1032,0,2018-01-01 10:42:25
330,2429,2018-01-01 10:42:26
0,0,2018-01-01 10:42:27
233,255,2018-01-01 10:42:28
325,6235,2018-01-01 10:42:29
1032,0,2018-01-01 10:42:30
1032,0,2018-01-01 10:42:31
1032,0,2018-01-01 10:42:32
520,0,2018-01-01 10:42:33
44,142,2018-01-01 10:42:34
301,4210,2018-01-01 10:42:35
1636,328,2018-01-01 10:42:36
13239,0,2018-01-01 10:42:37
142,16617,2018-01-01 10:42:38
1032,0,2018-01-01 10:42:39
147,0,2018-01-01 10:42:40
2180,407,2018-01-01 10:42:41
219,1197,2018-01-01 10:42:42
30,0,2018-01-01 10:42:43
146,105,2018-01-01 10:42:44
323,2607,2018-01-01 10:42:45
351,284,2018-01-01 10:42:46
146,105,2018-01-01 10:42:47
218,1542,2018-01-01 10:42:48
1032,0,2018-01-01 10:42:49
219,3570,2018-01-01 10:42:50
325,12023,2018-01-01 10:42:51
239,7106,2018-01-01 10:42:52
520,0,2018-01-01 10:42:53
201,13057,2018-01-01 10:42:54
1032,0,2018-01-01 10:42:55
145,105,2018-01-01 10:42:56
310,771,2018-01-01 10:42:57
146,0,2018-01-01 10:42:58
338,7149,2018-01-01 10:42:59
343,4337,2018-01-01 10:43:00
1032,0,2018-01-01 10:43:01
236,986,2018-01-01 10:43:02
354,1636,2018-01-01 10:43:03
192,2591,2018-01-01 10:43:04
2361,329,2018-01-01 10:43:05
105,146,2018-01-01 10:43:06
0,0,2018-01-01 10:43:07
283,293,2018-01-01 10:43:08
200,1660,2018-01-01 10:43:09
641,0,2018-01-01 10:43:10
1032,0,2018-01-01 10:43:11
288,4061,2018-01-01 10:43:12
105,147,2018-01-01 10:43:13
1032,0,2018-01-01 10:43:14
203,12922,2018-01-01 10:43:15
1032,0,2018-01-01 10:43:16
326,921,2018-01-01 10:43:17
230,1228,2018-01-01 10:43:18
213,1888,2018-01-01 10:43:19
46,78,2018-01-01 10:43:20
30,0,2018-01-01 10:43:21
244,1161,2018-01-01 10:43:22
1218,329,2018-01-01 10:43:23
292,1272,2018-01-01 10:43:24
105,147,2018-01-01 10:43:25
105,146,2018-01-01 10:43:26
203,385,2018-01-01 10:43:27
220,3682,2018-01-01 10:43:28
190,345,2018-01-01 10:43:29
1032,0,2018-01-01 10:43:30
213,337,2018-01-01 10:43:31
329,1222,2018-01-01 10:43:32
105,146,2018-01-01 10:43:33
1032,0,2018-01-01 10:43:34
147,105,2018-01-01 10:43:35
520,0,2018-01-01 10:43:36
1032,0,2018-01-01 10:43:37
222,8583,2018-01-01 10:43:38
213,261,2018-01-01 10:43:39
32,92,2018-01-01 10:43:40
224,3080,2018-01-01 10:43:41
310,3222,2018-01-01 10:43:42
105,147,2018-01-01 10:43:43
245,1545,2018-01-01 10:43:44
328,1433,2018-01-01 10:43:45
520,0,2018-01-01 10:43:46
281,903,2018-01-01 10:43:47
105,146,2018-01-01 10:43:48
211,1354,2018-01-01 10:43:49
1032,0,2018-01-01 10:43:50
338,707,2018-01-01 10:43:51
0,0,2018-01-01 10:43:52
0,0,2018-01-01 10:43:53
220,1958,2018-01-01 10:43:54
223,726,2018-01-01 10:43:55
1987,364,2018-01-01 10:43:56
1032,0,2018-01-01 10:43:57
225,20522,2018-01-01 10:43:58
227,1735,2018-01-01 10:43:59
105,147,2018-01-01 10:44:00
213,480,2018-01-01 10:44:01
166,164,2018-01-01 10:44:02
324,1564,2018-01-01 10:44:03
173,5992,2018-01-01 10:44:04
250,419,2018-01-01 10:44:05
319,2097,2018-01-01 10:44:06
306,923,2018-01-01 10:44:07
178,833,2018-01-01 10:44:08
1032,0,2018-01-01 10:44:09
1032,0,2018-01-01 10:44:10
221,46281,2018-01-01 10:44:11
250,301,2018-01-01 10:44:12
704,332,2018-01-01 10:44:13
309,2698,2018-01-01 10:44:14
334,760,2018-01-01 10:44:15
213,459,2018-01-01 10:44:16
105,147,2018-01-01 10:44:17
248,397,2018-01-01 10:44:18
223,1471,2018-01-01 10:44:19
239,3606,2018-01-01 10:44:20
236,2481,2018-01-01 10:44:21
283,15150,2018-01-01 10:44:22
1032,0,2018-01-01 10:44:23
314,662,2018-01-01 10:44:24
329,3956,2018-01-01 10:44:25
239,2156,2018-01-01 10:44:26
302,25349,2018-01-01 10:44:27
105,145,2018-01-01 10:44:28
288,6960,2018-01-01 10:44:29
334,2124,2018-01-01 10:44:30
146,105,2018-01-01 10:44:31
189,10697,2018-01-01 10:44:32
2090,332,2018-01-01 10:44:33
335,1853,2018-01-01 10:44:34
244,1256,2018-01-01 10:44:35
102,0,2018-01-01 10:44:36
321,770,2018-01-01 10:44:37
324,1918,2018-01-01 10:44:38
1032,0,2018-01-01 10:44:39
105,147,2018-01-01 10:44:40
105,145,2018-01-01 10:44:41
323,278,2018-01-01 10:44:42
316,2698,2018-01-01 10:44:43
243,7333,2018-01-01 10:44:44
1032,0,2018-01-01 10:44:45
233,3848,2018-01-01 10:44:46
105,146,2018-01-01 10:44:47
312,1227,2018-01-01 10:44:48
1032,0,2018-01-01 10:44:49
231,3222,2018-01-01 10:44:50
282,3226,2018-01-01 10:44:51
223,764,2018-01-01 10:44:52
1032,0,2018-01-01 10:44:53
198,4713,2018-01-01 10:44:54
222,682,2018-01-01 10:44:55
97,44,2018-01-01 10:44:56
291,13599,2018-01-01 10:44:57
235,15336,2018-01-01 10:44:58
42,42,2018-01-01 10:44:59
1032,0,2018-01-01 10:45:00
145,105,2018-01-01 10:45:01
772,340,2018-01-01 10:45:02
44,74,2018-01-01 10:45:03
105,147,2018-01-01 10:45:04
304,784,2018-01-01 10:45:05
1019,328,2018-01-01 10:45:06
332,83326,2018-01-01 10:45:07
1032,0,2018-01-01 10:45:08
165,31,2018-01-01 10:45:09
1032,0,2018-01-01 10:45:10
146,105,2018-01-01 10:45:11
258,12984,2018-01-01 10:45:12
146,105,2018-01-01 10:45:13
343,8801,2018-01-01 10:45:14
1032,0,2018-01-01 10:45:15
1032,0,2018-01-01 10:45:16
315,1118,2018-01-01 10:45:17
1032,0,2018-01-01 10:45:18
233,2239,2018-01-01 10:45:19
1032,0,2018-01-01 10:45:20
147,105,2018-01-01 10:45:21
7077,0,2018-01-01 10:45:22
1032,0,2018-01-01 10:45:23
212,2486,2018-01-01 10:45:24
105,146,2018-01-01 10:45:25
147,105,2018-01-01 10:45:26
1032,0,2018-01-01 10:45:27
2762,330,2018-01-01 10:45:28
0,0,2018-01-01 10:45:29
15876,0,2018-01-01 10:45:30
204,6479,2018-01-01 10:45:31
306,1380,2018-01-01 10:45:32
520,0,2018-01-01 10:45:33
308,2641,2018-01-01 10:45:34
46,46,2018-01-01 10:45:35
253,1701,2018-01-01 10:45:36
228,5528,2018-01-01 10:45:37
308,4603,2018-01-01 10:45:38
164,12288,2018-01-01 10:45:39
317,2313,2018-01-01 10:45:40
1032,0,2018-01-01 10:45:41
1032,0,2018-01-01 10:45:42
1032,0,2018-01-01 10:45:43
332,2467,2018-01-01 10:45:44
193,839,2018-01-01 10:45:45
307,5381,2018-01-01 10:45:46
214,3233,2018-01-01 10:45:47
328,3901,2018-01-01 10:45:48
0,0,2018-01-01 10:45:49
269,11011,2018-01-01 10:45:50
48,48,2018-01-01 10:45:51
240,488,2018-01-01 10:45:52
520,0,2018-01-01 10:45:53
10044,0,2018-01-01 10:45:54
290,940,2018-01-01 10:45:55
1032,0,2018-01-01 10:45:56
439,0,2018-01-01 10:45:57
1032,0,2018-01-01 10:45:58
749,0,2018-01-01 10:45:59
328,321,2018-01-01 10:46:00
45,72,2018-01-01 10:46:01
105,146,2018-01-01 10:46:02
260,518,2018-01-01 10:46:03
837,337,2018-01-01 10:46:04
202,279,2018-01-01 10:46:05
146,105,2018-01-01 10:46:06
181,0,2018-01-01 10:46:07
381,769,2018-01-01 10:46:08
296,1439,2018-01-01 10:46:09
105,147,2018-01-01 10:46:10
220,406,2018-01-01 10:46:11
302,2698,2018-01-01 10:46:12
1030,335,2018-01-01 10:46:13
228,16319,2018-01-01 10:46:14
215,7355,2018-01-01 10:46:15
520,0,2018-01-01 10:46:16
238,568,2018-01-01 10:46:17
1032,0,2018-01-01 10:46:18
1032,0,2018-01-01 10:46:19
0,0,2018-01-01 10:46:20
0,0,2018-01-01 10:46:21
976,331,2018-01-01 10:46:22
1032,0,2018-01-01 10:46:23
1704,332,2018-01-01 10:46:24
259,8672,2018-01-01 10:46:25
210,574,2018-01-01 10:46:26
195,2532,2018-01-01 10:46:27
226,6594,2018-01-01 10:46:28
236,468,2018-01-01 10:46:29
245,0,2018-01-01 10:46:30
228,3707,2018-01-01 10:46:31
1032,0,2018-01-01 10:46:32
1032,0,2018-01-01 10:46:33
146,105,2018-01-01 10:46:34
223,5434,2018-01-01 10:46:35
254,268,2018-01-01 10:46:36
295,809,2018-01-01 10:46:37
303,622,2018-01-01 10:46:38
229,9877,2018-01-01 10:46:39
236,3106,2018-01-01 10:46:40
105,145,2018-01-01 10:46:41
296,759,2018-01-01 10:46:42
300,2789,2018-01-01 10:46:43
1032,0,2018-01-01 10:46:44
232,392,2018-01-01 10:46:45
105,147,2018-01-01 10:46:46
1032,0,2018-01-01 10:46:47
294,256,2018-01-01 10:46:48
306,1517,2018-01-01 10:46:49
34,0,2018-01-01 10:46:50
1032,0,2018-01-01 10:46:51
240,32782,2018-01-01 10:46:52
225,342,2018-01-01 10:46:53
1032,0,2018-01-01 10:46:54
334,1179,2018-01-01 10:46:55
244,2251,2018-01-01 10:46:56
1032,0,2018-01-01 10:46:57
293,550,2018-01-01 10:46:58
1032,0,2018-01-01 10:46:59
44,76,2018-01-01 10:47:00
316,301,2018-01-01 10:47:01
147,105,2018-01-01 10:47:02
244,525,2018-01-01 10:47:03
230,1075,2018-01-01 10:47:04
204,1896,2018-01-01 10:47:05
1032,0,2018-01-01 10:47:06
193,3082,2018-01-01 10:47:07
105,146,2018-01-01 10:47:08
1032,0,2018-01-01 10:47:09
44,133,2018-01-01 10:47:10
383,0,2018-01-01 10:47:11
1032,0,2018-01-01 10:47:12
265,819,2018-01-01 10:47:13
146,105,2018-01-01 10:47:14
740,0,2018-01-01 10:47:15
330,875,2018-01-01 10:47:16
0,0,2018-01-01 10:47:17
332,5561,2018-01-01 10:47:18
1032,0,2018-01-01 10:47:19
0,0,2018-01-01 10:47:20
2191,0,2018-01-01 10:47:21
383,0,2018-01-01 10:47:22
322,1179,2018-01-01 10:47:23
12,0,2018-01-01 10:47:24
235,504,2018-01-01 10:47:25
44,126,2018-01-01 10:47:26
226,9284,2018-01-01 10:47:27
105,146,2018-01-01 10:47:28
146,105,2018-01-01 10:47:29
147,105,2018-01-01 10:47:30
35,95,2018-01-01 10:47:31
304,2507,2018-01-01 10:47:32
236,853,2018-01-01 10:47:33
147,105,2018-01-01 10:47:34
105,147,2018-01-01 10:47:35
1032,0,2018-01-01 10:47:36
312,578,2018-01-01 10:47:37
318,4227,2018-01-01 10:47:38
1032,0,2018-01-01 10:47:39
217,3400,2018-01-01 10:47:40
2275,327,2018-01-01 10:47:41
326,355,2018-01-01 10:47:42
105,146,2018-01-01 10:47:43
222,3113,2018-01-01 10:47:44
338,553,2018-01-01 10:47:45
282,263,2018-01-01 10:47:46
1026,331,2018-01-01 10:47:47
146,105,2018-01-01 10:47:48
105,147,2018-01-01 10:47:49
3775,0,2018-01-01 10:47:50
200,1484,2018-01-01 10:47:51
333,1924,2018-01-01 10:47:52
166,3067,2018-01-01 10:47:53
306,2698,2018-01-01 10:47:54
193,24868,2018-01-01 10:47:55
980,374,2018-01-01 10:47:56
0,0,2018-01-01 10:47:57
852,336,2018-01-01 10:47:58
32,32,2018-01-01 10:47:59
308,2698,2018-01-01 10:48:00
205,307,2018-01-01 10:48:01
326,2225,2018-01-01 10:48:02
167,8159,2018-01-01 10:48:03
34,0,2018-01-01 10:48:04
105,0,2018-01-01 10:48:05
242,2118,2018-01-01 10:48:06
192,425,2018-01-01 10:48:07
323,31487,2018-01-01 10:48:08
1032,0,2018-01-01 10:48:09
1448,385,2018-01-01 10:48:10
222,5067,2018-01-01 10:48:11
297,182,2018-01-01 10:48:12
261,2124,2018-01-01 10:48:13
105,0,2018-01-01 10:48:14
38,130,2018-01-01 10:48:15
520,0,2018-01-01 10:48:16
520,0,2018-01-01 10:48:17
281,3007,2018-01-01 10:48:18
105,0,2018-01-01 10:48:19
201,28893,2018-01-01 10:48:20
0,0,2018-01-01 10:48:21
323,1688,2018-01-01 10:48:22
232,928,2018-01-01 10:48:23
147,0,2018-01-01 10:48:24
338,1385,2018-01-01 10:48:25
34,34,2018-01-01 10:48:26
1032,0,2018-01-01 10:48:27
1108,331,2018-01-01 10:48:28
1032,0,2018-01-01 10:48:29
271,7541,2018-01-01 10:48:30
319,1211,2018-01-01 10:48:31
345,283,2018-01-01 10:48:32
105,147,2018-01-01 10:48:33
231,1904,2018-01-01 10:48:34
987,496,2018-01-01 10:48:35
205,313,2018-01-01 10:48:36
297,711,2018-01-01 10:48:37
147,478,2018-01-01 10:48:38
221,12922,2018-01-01 10:48:39
1032,0,2018-01-01 10:48:40
105,146,2018-01-01 10:48:41
213,21715,2018-01-01 10:48:42
336,2408,2018-01-01 10:48:43
105,147,2018-01-01 10:48:44
331,6158,2018-01-01 10:48:45
0,0,2018-01-01 10:48:46
179,2551,2018-01-01 10:48:47
250,6119,2018-01-01 10:48:48
0,0,2018-01-01 10:48:49
336,370,2018-01-01 10:48:50
320,1494,2018-01-01 10:48:51
226,305,2018-01-01 10:48:52
227,1870,2018-01-01 10:48:53
383,0,2018-01-01 10:48:54
751,328,2018-01-01 10:48:55
865,335,2018-01-01 10:48:56
1445,332,2018-01-01 10:48:57
1032,0,2018-01-01 10:48:58
1032,0,2018-01-01 10:48:59
1101,332,2018-01-01 10:49:00
232,1380,2018-01-01 10:49:01
321,6600,2018-01-01 10:49:02
199,844,2018-01-01 10:49:03
311,6757,2018-01-01 10:49:04
208,103,2018-01-01 10:49:05
224,337,2018-01-01 10:49:06
1032,0,2018-01-01 10:49:07
0,0,2018-01-01 10:49:08
210,182,2018-01-01 10:49:09
333,8019,2018-01-01 10:49:10
147,105,2018-01-01 10:49:11
2256,336,2018-01-01 10:49:12
520,0,2018-01-01 10:49:13
225,2636,2018-01-01 10:49:14
2174,442,2018-01-01 10:49:15
245,2005,2018-01-01 10:49:16
1032,0,2018-01-01 10:49:17
321,904,2018-01-01 10:49:18
147,105,2018-01-01 10:49:19
263,476,2018-01-01 10:49:20
1032,0,2018-01-01 10:49:21
201,1808,2018-01-01 10:49:22
241,381,2018-01-01 10:49:23
296,4547,2018-01-01 10:49:24
45,111,2018-01-01 10:49:25
208,1230,2018-01-01 10:49:26
292,4824,2018-01-01 10:49:27
8,139,2018-01-01 10:49:28
1032,0,2018-01-01 10:49:29
1032,0,2018-01-01 10:49:30
105,147,2018-01-01 10:49:31
339,2569,2018-01-01 10:49:32
44,133,2018-01-01 10:49:33
145,105,2018-01-01 10:49:34
1766,334,2018-01-01 10:49:35
1032,0,2018-01-01 10:49:36
1032,0,2018-01-01 10:49:37
105,146,2018-01-01 10:49:38
204,7195,2018-01-01 10:49:39
312,24572,2018-01-01 10:49:40
1996,331,2018-01-01 10:49:41
7,223,2018-01-01 10:49:42
0,0,2018-01-01 10:49:43
315,677,2018-01-01 10:49:44
43,74,2018-01-01 10:49:45
212,1863,2018-01-01 10:49:46
0,0,2018-01-01 10:49:47
146,105,2018-01-01 10:49:48
309,667,2018-01-01 10:49:49
290,128,2018-01-01 10:49:50
292,12922,2018-01-01 10:49:51
1169,335,2018-01-01 10:49:52
1032,0,2018-01-01 10:49:53
323,2161,2018-01-01 10:49:54
1032,0,2018-01-01 10:49:55
105,147,2018-01-01 10:49:56
2295,411,2018-01-01 10:49:57
30,0,2018-01-01 10:49:58
329,1468,2018-01-01 10:49:59
