ODATE,TDATE,SEASON,DEMAND,DEMAND7CD,MARKETING,PROMOTION,CAF,TEMPERATURE,PRECIPITATION,PPRC,RPRC,PQTY,SQTY,INVENTORY,UGP,SR,PC,GP,CEI,CLS,NP
2023-08-31,2023-09-01,FALL,218,276,MEDIUM,NONE,NO,28.1,0.0759,3.18,3.99,304,218,86,0.81,869.82,966.72,-96.9,273.48,0.0,-96.9
2023-09-01,2023-09-02,FALL,240,261,MEDIUM,NONE,NO,28.0,0.079,3.12,3.99,287,240,47,0.87,957.6,895.44,62.16,146.64,0.0,62.16
2023-09-02,2023-09-04,FALL,177,284,LOW,DISCOUNT,YES,26.7,0.0854,3.18,3.89,312,177,135,0.71,688.53,992.16,-303.63,429.3,0.0,-303.63
2023-09-04,2023-09-05,FALL,199,236,LOW,DISCOUNT,YES,,0.0887,2.8,3.39,260,199,61,0.59,674.61,728.0,-53.39,170.8,0.0,-53.39
2023-09-05,2023-09-06,FALL,154,264,LOW,NONE,YES,25.8,0.092,3.18,3.99,290,154,136,0.81,614.46,922.2,-307.74,432.48,0.0,-307.74
2023-09-06,2023-09-07,FALL,194,209,MEDIUM,NONE,YES,26.9,0.0953,3.06,3.89,230,194,36,0.83,754.66,703.8,50.86,110.16,0.0,50.86
2023-09-07,2023-09-08,FALL,217,218,HIGH,NONE,YES,25.9,0.0987,3.22,4.09,240,217,23,0.87,887.53,772.8,114.73,74.06,0.0,114.73
2023-09-08,2023-09-09,FALL,267,240,HIGH,NONE,YES,25.1,0.1022,2.89,3.69,264,264,-3,0.8,974.16,762.96,211.2,0.0,2.4,208.8
2023-09-09,2023-09-11,FALL,168,177,LOW,NONE,NO,25.7,0.1092,3.02,3.79,195,168,27,0.77,636.72,588.9,47.82,81.54,0.0,47.82
2023-09-11,2023-09-12,FALL,181,199,LOW,NONE,NO,24.3,0.1128,2.82,3.59,219,181,38,0.77,649.79,617.58,32.21,107.16,0.0,32.21
2023-09-12,2023-09-13,FALL,158,154,MEDIUM,NONE,NO,22.8,0.1164,2.79,3.49,169,158,11,0.7,551.42,471.51,79.91,30.69,0.0,79.91
2023-09-13,2023-09-14,FALL,178,194,LOW,NONE,NO,23.9,0.1201,3.02,3.79,213,178,35,0.77,674.62,643.26,31.36,105.7,0.0,31.36
2023-09-14,2023-09-15,FALL,223,217,MEDIUM,NONE,NO,23.4,0.1238,2.78,3.49,239,223,16,0.71,778.27,664.42,113.85,44.48,0.0,113.85
2023-09-15,2023-09-16,FALL,244,267,LOW,NONE,NO,22.5,0.1275,3.11,3.89,294,244,50,0.78,949.16,914.34,34.82,155.5,0.0,34.82
2023-09-16,2023-09-18,FALL,203,168,LOW,DISCOUNT,NO,24.7,0.1351,2.9,3.49,185,185,-18,0.59,645.65,536.5,109.15,0.0,10.62,98.53
2023-09-18,2023-09-19,FALL,193,181,LOW,NONE,NO,21.1,0.1389,3.14,3.99,199,193,6,0.85,770.07,624.86,145.21,18.84,0.0,145.21
2023-09-19,2023-09-20,FALL,159,158,LOW,NONE,NO,22.4,0.1428,3.15,3.99,174,159,15,0.84,634.41,548.1,86.31,47.25,0.0,86.31
2023-09-20,2023-09-21,FALL,175,178,LOW,BOGO,NO,22.0,0.1467,2.81,3.59,196,175,21,0.78,628.25,550.76,77.49,59.01,0.0,77.49
2023-09-21,2023-09-22,FALL,208,223,LOW,NONE,NO,19.6,0.1506,2.99,3.79,245,208,37,0.8,788.32,732.55,55.77,110.63,0.0,55.77
2023-09-22,2023-09-23,FALL,252,244,LOW,DISCOUNT,NO,21.8,0.1546,3.15,3.79,268,252,16,0.64,955.08,844.2,110.88,50.4,0.0,110.88
2023-09-23,2023-09-25,FALL,159,203,LOW,BOGO,NO,17.0,0.1626,3.23,4.09,223,159,64,0.86,650.31,720.29,-69.98,206.72,0.0,-69.98
2023-09-25,2023-09-26,FALL,230,193,LOW,DISCOUNT,NO,19.1,0.1666,2.96,3.59,212,212,-18,0.63,761.08,627.52,133.56,0.0,11.34,122.22
2023-09-26,2023-09-27,FALL,176,159,LOW,NONE,NO,17.7,0.1707,2.76,3.49,175,175,-1,0.73,610.75,483.0,127.75,0.0,0.73,127.02
2023-09-27,2023-09-28,FALL,203,175,LOW,NONE,NO,17.6,0.1748,3.14,3.99,193,193,-10,0.85,770.07,606.02,164.05,0.0,8.5,155.55
2023-09-28,2023-09-29,FALL,237,208,LOW,NONE,NO,19.5,0.1789,2.92,3.69,229,229,-8,0.77,845.01,668.68,176.33,0.0,6.16,170.17
2023-09-29,2023-09-30,FALL,320,252,HIGH,BOGO,NO,16.9,0.183,2.8,3.59,277,277,-43,0.79,994.43,775.6,218.83,0.0,33.97,184.86
2023-09-30,2023-10-02,FALL,258,159,MEDIUM,NONE,NO,17.7,0.1914,3.07,3.89,175,175,-83,0.82,680.75,537.25,143.5,0.0,68.06,75.44
2023-10-02,2023-10-04,FALL,177,176,LOW,NONE,NO,14.4,0.1998,3.06,3.89,194,177,17,0.83,688.53,593.64,94.89,52.02,0.0,94.89
2023-10-04,2023-10-05,FALL,200,203,LOW,NONE,NO,15.1,0.204,3.09,3.89,223,200,23,0.8,778.0,689.07,88.93,71.07,0.0,88.93
2023-10-05,2023-10-06,FALL,278,237,HIGH,BOGO,NO,14.4,0.2082,2.84,3.59,261,261,-17,0.75,936.99,741.24,195.75,0.0,12.75,183.0
2023-10-06,2023-10-07,FALL,258,320,LOW,NONE,NO,15.7,0.2125,2.92,3.69,352,258,94,0.77,952.02,1027.84,-75.82,274.48,0.0,-75.82
2023-10-07,2023-10-09,FALL,190,258,LOW,NONE,NO,11.7,0.221,3.0,3.79,284,190,94,0.79,720.1,852.0,-131.9,282.0,0.0,-131.9
2023-10-09,2023-10-10,FALL,234,258,MEDIUM,NONE,NO,13.9,0.2253,2.92,3.69,284,234,50,0.77,863.46,829.28,34.18,146.0,0.0,34.18
2023-10-10,2023-10-11,FALL,194,177,HIGH,NONE,NO,13.0,0.2296,3.12,3.99,195,194,1,0.87,774.06,608.4,165.66,3.12,0.0,165.66
2023-10-11,2023-10-12,FALL,182,200,LOW,NONE,NO,12.2,0.2339,2.79,3.49,220,182,38,0.7,635.18,613.8,21.38,106.02,0.0,21.38
2023-10-12,2023-10-13,FALL,186,278,LOW,,NO,14.6,0.2382,3.24,4.09,306,186,120,0.85,760.74,991.44,-230.7,388.8,0.0,-230.7
2023-10-13,2023-10-14,FALL,250,258,LOW,NONE,NO,12.2,0.2425,2.99,3.79,284,250,34,0.8,947.5,849.16,98.34,101.66,0.0,98.34
2023-10-14,2023-10-16,FALL,183,190,LOW,BOGO,YES,11.3,0.2511,2.95,3.69,209,183,26,0.74,675.27,616.55,58.72,76.7,0.0,58.72
2023-10-16,2023-10-17,FALL,181,234,LOW,NONE,YES,10.4,0.2554,2.77,3.49,257,181,76,0.72,631.69,711.89,-80.2,210.52,0.0,-80.2
2023-10-17,2023-10-18,FALL,192,194,MEDIUM,DISCOUNT,YES,10.5,0.2597,2.86,3.49,213,192,21,0.63,670.08,609.18,60.9,60.06,0.0,60.9
2023-10-18,2023-10-19,FALL,189,182,LOW,NONE,YES,8.7,0.264,2.78,3.49,200,189,11,0.71,659.61,556.0,103.61,30.58,0.0,103.61
2023-10-19,2023-10-20,FALL,225,186,HIGH,,YES,7.8,0.2683,3.01,3.79,205,205,-20,0.78,776.95,617.05,159.9,0.0,15.6,144.3
2023-10-20,2023-10-21,FALL,249,250,LOW,DISCOUNT,YES,7.6,0.2726,3.1,3.79,275,249,26,0.69,943.71,852.5,91.21,80.6,0.0,91.21
2023-10-21,2023-10-23,FALL,193,183,HIGH,NONE,NO,7.9,0.2811,3.02,3.79,201,193,8,0.77,731.47,607.02,124.45,24.16,0.0,124.45
2023-10-23,2023-10-24,FALL,180,181,LOW,NONE,NO,6.4,0.2854,2.91,3.69,199,180,19,0.78,664.2,579.09,85.11,55.29,0.0,85.11
2023-10-24,2023-10-25,FALL,143,192,MEDIUM,NONE,NO,6.6,0.2896,3.11,3.89,211,143,68,0.78,556.27,656.21,-99.94,211.48,0.0,-99.94
2023-10-25,2023-10-26,FALL,185,189,MEDIUM,NONE,NO,6.8,0.2939,3.08,3.89,208,185,23,0.81,719.65,640.64,79.01,70.84,0.0,79.01
2023-10-26,2023-10-27,FALL,217,225,LOW,NONE,NO,6.1,0.2981,2.9,3.69,248,217,31,0.79,800.73,719.2,81.53,89.9,0.0,81.53
2023-10-27,2023-10-28,FALL,296,249,HIGH,NONE,NO,6.1,0.3023,2.79,3.49,274,274,-22,0.7,956.26,764.46,191.8,0.0,15.4,176.4
2023-10-28,2023-10-30,FALL,207,193,LOW,DISCOUNT,NO,3.9,0.3107,3.16,3.89,212,207,5,0.73,805.23,669.92,135.31,15.8,0.0,135.31
2023-10-30,2023-10-31,FALL,252,180,LOW,NONE,NO,5.9,0.3149,2.84,3.59,198,198,-54,0.75,710.82,562.32,148.5,0.0,40.5,108.0
2023-10-31,2023-11-02,FALL,208,185,LOW,NONE,NO,4.6,0.3232,2.83,3.59,204,204,-4,0.76,732.36,577.32,155.04,0.0,3.04,152.0
2023-11-02,2023-11-03,FALL,211,217,LOW,NONE,NO,5.8,0.3273,2.92,3.69,239,211,28,0.77,778.59,697.88,80.71,81.76,0.0,80.71
2023-11-03,2023-11-04,FALL,259,296,LOW,NONE,NO,3.8,0.3313,2.74,3.49,326,259,67,0.75,903.91,893.24,10.67,183.58,0.0,10.67
2023-11-04,2023-11-06,FALL,174,207,LOW,NONE,NO,0.2,0.3394,2.82,3.59,228,174,54,0.77,624.66,642.96,-18.3,152.28,0.0,-18.3
2023-11-06,2023-11-07,FALL,205,252,HIGH,NONE,NO,0.6,0.3434,2.97,3.79,277,205,72,0.82,776.95,822.69,-45.74,213.84,0.0,-45.74
2023-11-07,2023-11-08,FALL,162,252,LOW,NONE,NO,-0.1,0.3474,2.94,3.69,277,162,115,0.75,597.78,814.38,-216.6,338.1,0.0,-216.6
2023-11-08,2023-11-09,FALL,198,208,LOW,NONE,NO,0.8,0.3514,2.83,3.59,229,198,31,0.76,710.82,648.07,62.75,87.73,0.0,62.75
2023-11-09,2023-11-10,FALL,202,211,LOW,BOGO,NO,1.6,0.3553,3.07,3.89,232,202,30,0.82,785.78,712.24,73.54,92.1,0.0,73.54
2023-11-10,2023-11-11,FALL,242,259,LOW,BOGO,NO,-0.8,0.3592,3.17,3.99,285,242,43,0.82,965.58,903.45,62.13,136.31,0.0,62.13
2023-11-11,2023-11-13,FALL,169,174,MEDIUM,NONE,NO,0.4,0.3668,3.12,3.99,191,169,22,0.87,674.31,595.92,78.39,68.64,0.0,78.39
2023-11-13,2023-11-14,FALL,196,205,LOW,NONE,NO,-1.1,0.3706,3.03,3.79,226,196,30,0.76,742.84,684.78,58.06,90.9,0.0,58.06
2023-11-14,2023-11-15,FALL,163,162,LOW,NONE,NO,-2.2,0.3744,2.91,3.69,178,163,15,0.78,601.47,517.98,83.49,43.65,0.0,83.49
2023-11-15,2023-11-16,FALL,190,198,MEDIUM,NONE,NO,-1.9,0.3781,2.79,3.49,218,190,28,0.7,663.1,608.22,54.88,78.12,0.0,54.88
2023-11-16,2023-11-17,FALL,206,202,MEDIUM,NONE,NO,-0.6,0.3818,2.85,3.59,222,206,16,0.74,739.54,632.7,106.84,45.6,0.0,106.84
2023-11-17,2023-11-18,FALL,222,242,LOW,BOGO,NO,,0.3854,2.95,3.69,266,222,44,0.74,819.18,784.7,34.48,129.8,0.0,34.48
2023-11-18,2023-11-20,FALL,145,169,LOW,NONE,NO,-3.7,0.3926,2.86,3.59,186,145,41,0.73,520.55,531.96,-11.41,117.26,0.0,-11.41
2023-11-20,2023-11-21,FALL,175,196,LOW,NONE,NO,-4.2,0.3961,3.16,3.99,216,175,41,0.83,698.25,682.56,15.69,129.56,0.0,15.69
2023-11-21,2023-11-22,FALL,171,163,MEDIUM,NONE,NO,-4.5,0.3995,2.8,3.59,179,171,8,0.79,613.89,501.2,112.69,22.4,0.0,112.69
2023-11-22,2023-11-23,FALL,201,190,LOW,BOGO,NO,-4.9,0.403,2.79,3.49,209,201,8,0.7,701.49,583.11,118.38,22.32,0.0,118.38
2023-11-23,2023-11-24,FALL,225,206,LOW,DISCOUNT,NO,-4.7,0.4064,2.97,3.59,227,225,2,0.62,807.75,674.19,133.56,5.94,0.0,133.56
2023-11-24,2023-11-25,FALL,235,222,LOW,NONE,NO,-6.4,0.4097,2.83,3.59,244,235,9,0.76,843.65,690.52,153.13,25.47,0.0,153.13
2023-11-25,2023-11-27,FALL,181,145,MEDIUM,,NO,-5.7,0.4162,3.16,3.99,160,160,-21,0.83,638.4,505.6,132.8,0.0,17.43,115.37
2023-11-27,2023-11-28,FALL,237,175,HIGH,NONE,NO,-5.5,0.4194,2.96,3.79,193,193,-44,0.83,731.47,571.28,160.19,0.0,36.52,123.67
2023-11-28,2023-11-29,FALL,150,171,LOW,NONE,NO,-6.1,0.4225,3.17,3.99,188,150,38,0.82,598.5,595.96,2.54,120.46,0.0,2.54
2023-11-29,2023-11-30,FALL,200,201,LOW,NONE,NO,,0.4256,2.74,3.49,221,200,21,0.75,698.0,605.54,92.46,57.54,0.0,92.46
2023-11-30,2023-12-01,WINTER,189,225,LOW,BOGO,NO,-8.0,0.4287,4.48,5.69,248,189,59,1.21,1075.41,1111.04,-35.63,264.32,0.0,-35.63
2023-12-01,2023-12-02,WINTER,224,235,HIGH,NONE,NO,-8.1,0.4317,4.3,5.39,258,224,34,1.09,1207.36,1109.4,97.96,146.2,0.0,97.96
2023-12-02,2023-12-04,WINTER,152,181,LOW,NONE,NO,-6.5,0.4375,4.25,5.39,199,152,47,1.14,819.28,845.75,-26.47,199.75,0.0,-26.47
2023-12-04,2023-12-05,WINTER,167,237,LOW,NONE,NO,-9.3,0.4403,4.59,5.79,261,167,94,1.2,966.93,1197.99,-231.06,431.46,0.0,-231.06
2023-12-05,2023-12-06,WINTER,145,150,LOW,NONE,NO,-8.0,0.443,4.42,5.59,165,145,20,1.17,810.55,729.3,81.25,88.4,0.0,81.25
2023-12-06,2023-12-07,WINTER,183,200,HIGH,NONE,NO,-7.5,0.4457,4.64,5.89,220,183,37,1.25,1077.87,1020.8,57.07,171.68,0.0,57.07
2023-12-07,2023-12-08,WINTER,185,189,LOW,NONE,NO,-7.6,0.4484,4.64,5.89,208,185,23,1.25,1089.65,965.12,124.53,106.72,0.0,124.53
2023-12-08,2023-12-09,WINTER,232,224,LOW,NONE,NO,-9.5,0.451,4.33,5.49,246,232,14,1.16,1273.68,1065.18,208.5,60.62,0.0,208.5
2023-12-09,2023-12-11,WINTER,129,152,MEDIUM,NONE,NO,-8.3,0.456,4.62,5.79,167,129,38,1.17,746.91,771.54,-24.63,175.56,0.0,-24.63
2023-12-11,2023-12-12,WINTER,150,167,LOW,NONE,NO,-10.3,0.4584,4.33,5.49,184,150,34,1.16,823.5,796.72,26.78,147.22,0.0,26.78
2023-12-12,2023-12-13,WINTER,102,145,LOW,NONE,NO,-10.0,0.4607,4.4,5.59,160,102,58,1.19,570.18,704.0,-133.82,255.2,0.0,-133.82
2023-12-13,2023-12-14,WINTER,173,183,HIGH,NONE,NO,-11.8,0.463,4.47,5.59,201,173,28,1.12,967.07,898.47,68.6,125.16,0.0,68.6
2023-12-14,2023-12-15,WINTER,151,185,LOW,NONE,NO,-10.9,0.4652,4.47,5.59,204,151,53,1.12,844.09,911.88,-67.79,236.91,0.0,-67.79
2023-12-15,2023-12-16,WINTER,226,232,LOW,DISCOUNT,NO,-10.8,0.4674,4.43,5.39,255,226,29,0.96,1218.14,1129.65,88.49,128.47,0.0,88.49
2023-12-16,2023-12-18,WINTER,116,129,LOW,NONE,NO,-10.3,0.4715,4.43,5.59,142,116,26,1.16,648.44,629.06,19.38,115.18,0.0,19.38
2023-12-18,2023-12-19,WINTER,149,150,MEDIUM,NONE,NO,-10.5,0.4735,4.51,5.69,165,149,16,1.18,847.81,744.15,103.66,72.16,0.0,103.66
2023-12-19,2023-12-20,WINTER,107,102,LOW,NONE,NO,-10.9,0.4754,4.56,5.79,112,107,5,1.23,619.53,510.72,108.81,22.8,0.0,108.81
2023-12-20,2023-12-21,WINTER,128,173,LOW,NONE,NO,-11.7,0.4772,4.64,5.89,190,128,62,1.25,753.92,881.6,-127.68,287.68,0.0,-127.68
2023-12-21,2023-12-22,WINTER,179,151,MEDIUM,NONE,NO,-12.2,0.479,4.51,5.69,166,166,-13,1.18,944.54,748.66,195.88,0.0,15.34,180.54
2023-12-22,2023-12-23,WINTER,311,226,LOW,DISCOUNT,NO,-12.4,0.4807,4.58,5.59,249,249,-62,1.01,1391.91,1140.42,251.49,0.0,62.62,188.87
2023-12-23,2023-12-27,WINTER,139,107,LOW,NONE,NO,-14.9,0.4867,4.71,5.89,118,118,-21,1.18,695.02,555.78,139.24,0.0,24.78,114.46
2023-12-27,2023-12-28,WINTER,199,128,HIGH,NONE,NO,-15.6,0.4881,4.3,5.39,141,141,-58,1.09,759.99,606.3,153.69,0.0,63.22,90.47
2023-12-28,2023-12-29,WINTER,204,179,HIGH,,NO,-14.5,0.4894,4.26,5.39,197,197,-7,1.13,1061.83,839.22,222.61,0.0,7.91,214.7
2023-12-29,2023-12-30,WINTER,291,311,MEDIUM,NONE,NO,-15.3,0.4906,4.58,5.79,342,291,51,1.21,1684.89,1566.36,118.53,233.58,0.0,118.53
2023-12-30,2024-01-02,WINTER,212,311,LOW,BOGO,NO,-13.1,0.4938,4.65,5.89,342,212,130,1.24,1248.68,1590.3,-341.62,604.5,0.0,-341.62
2024-01-02,2024-01-03,WINTER,163,139,LOW,NONE,NO,-14.9,0.4947,4.7,5.89,153,153,-10,1.19,901.17,719.1,182.07,0.0,11.9,170.17
2024-01-03,2024-01-04,WINTER,181,199,LOW,NONE,NO,-13.6,0.4955,4.39,5.49,219,181,38,1.1,993.69,961.41,32.28,166.82,0.0,32.28
2024-01-04,2024-01-05,WINTER,206,204,LOW,NONE,NO,-13.8,0.4963,4.58,5.79,224,206,18,1.21,1192.74,1025.92,166.82,82.44,0.0,166.82
2024-01-05,2024-01-06,WINTER,251,291,LOW,BOGO,NO,-15.1,0.497,4.69,5.89,320,251,69,1.2,1478.39,1500.8,-22.41,323.61,0.0,-22.41
2024-01-06,2024-01-08,WINTER,170,291,LOW,NONE,NO,-13.2,0.4982,4.47,5.59,320,170,150,1.12,950.3,1430.4,-480.1,670.5,0.0,-480.1
2024-01-08,2024-01-09,WINTER,247,212,MEDIUM,DISCOUNT,NO,-14.0,0.4987,4.52,5.49,233,233,-14,0.97,1279.17,1053.16,226.01,0.0,13.58,212.43
2024-01-09,2024-01-10,WINTER,154,163,LOW,BOGO,NO,-15.5,0.4991,4.35,5.49,179,154,25,1.14,845.46,778.65,66.81,108.75,0.0,66.81
2024-01-10,2024-01-11,WINTER,195,181,HIGH,NONE,NO,-12.3,0.4994,4.59,5.79,199,195,4,1.2,1129.05,913.41,215.64,18.36,0.0,215.64
2024-01-11,2024-01-12,WINTER,218,206,LOW,NONE,NO,-17.1,0.4997,4.25,5.39,227,218,9,1.14,1175.02,964.75,210.27,38.25,0.0,210.27
2024-01-12,2024-01-13,WINTER,225,251,LOW,NONE,NO,-15.8,0.4999,4.73,5.99,276,225,51,1.26,1347.75,1305.48,42.27,241.23,0.0,42.27
2024-01-13,2024-01-15,WINTER,167,170,HIGH,NONE,NO,-14.8,0.5,4.63,5.79,187,167,20,1.16,966.93,865.81,101.12,92.6,0.0,101.12
2024-01-15,2024-01-16,WINTER,195,247,LOW,NONE,NO,-13.6,0.5,4.6,5.79,272,195,77,1.19,1129.05,1251.2,-122.15,354.2,0.0,-122.15
2024-01-16,2024-01-17,WINTER,168,154,HIGH,NONE,NO,-15.6,0.4999,4.31,5.39,169,168,1,1.08,905.52,728.39,177.13,4.31,0.0,177.13
2024-01-17,2024-01-18,WINTER,196,195,HIGH,NONE,NO,-17.8,0.4997,4.39,5.49,215,196,19,1.1,1076.04,943.85,132.19,83.41,0.0,132.19
2024-01-18,2024-01-19,WINTER,206,218,LOW,BOGO,NO,-14.9,0.4994,4.45,5.59,240,206,34,1.14,1151.54,1068.0,83.54,151.3,0.0,83.54
2024-01-19,2024-01-20,WINTER,221,225,LOW,NONE,NO,-14.2,0.4991,4.58,5.79,248,221,27,1.21,1279.59,1135.84,143.75,123.66,0.0,143.75
2024-01-20,2024-01-22,WINTER,170,167,LOW,DISCOUNT,NO,-14.7,0.4982,4.26,5.19,184,170,14,0.93,882.3,783.84,98.46,59.64,0.0,98.46
2024-01-22,2024-01-23,WINTER,188,195,LOW,NONE,NO,-14.5,0.4976,4.5,5.69,215,188,27,1.19,1069.72,967.5,102.22,121.5,0.0,102.22
2024-01-23,2024-01-24,WINTER,156,168,LOW,NONE,NO,-14.8,0.497,4.3,5.39,185,156,29,1.09,840.84,795.5,45.34,124.7,0.0,45.34
2024-01-24,2024-01-25,WINTER,154,196,LOW,NONE,NO,-15.1,0.4963,4.51,5.69,216,154,62,1.18,876.26,974.16,-97.9,279.62,0.0,-97.9
2024-01-25,2024-01-26,WINTER,207,206,LOW,NONE,NO,-14.7,0.4955,4.46,5.59,227,207,20,1.13,1157.13,1012.42,144.71,89.2,0.0,144.71
2024-01-26,2024-01-27,WINTER,290,221,MEDIUM,DISCOUNT,NO,-13.7,0.4947,4.45,5.39,243,243,-47,0.94,1309.77,1081.35,228.42,0.0,44.18,184.24
2024-01-27,2024-01-29,WINTER,159,170,LOW,NONE,NO,-15.6,0.4928,4.7,5.89,187,159,28,1.19,936.51,878.9,57.61,131.6,0.0,57.61
2024-01-29,2024-01-30,WINTER,232,188,HIGH,NONE,NO,-14.9,0.4917,4.32,5.49,207,207,-25,1.17,1136.43,894.24,242.19,0.0,29.25,212.94
2024-01-30,2024-01-31,WINTER,158,156,LOW,BOGO,NO,-14.2,0.4906,4.56,5.79,172,158,14,1.23,914.82,784.32,130.5,63.84,0.0,130.5
2024-01-31,2024-02-01,WINTER,157,154,LOW,NONE,NO,-14.4,0.4894,4.43,5.59,169,157,12,1.16,877.63,748.67,128.96,53.16,0.0,128.96
2024-02-01,2024-02-02,WINTER,215,207,MEDIUM,DISCOUNT,NO,-13.7,0.4881,4.69,5.69,228,215,13,1.0,1223.35,1069.32,154.03,60.97,0.0,154.03
2024-02-02,2024-02-03,WINTER,227,290,MEDIUM,NONE,NO,-14.1,0.4867,4.4,5.59,319,227,92,1.19,1268.93,1403.6,-134.67,404.8,0.0,-134.67
2024-02-03,2024-02-05,WINTER,125,159,LOW,BOGO,NO,-13.9,0.4838,4.49,5.69,175,125,50,1.2,711.25,785.75,-74.5,224.5,0.0,-74.5
2024-02-05,2024-02-06,WINTER,165,232,LOW,DISCOUNT,NO,-14.6,0.4823,4.74,5.69,255,165,90,0.95,938.85,1208.7,-269.85,426.6,0.0,-269.85
2024-02-06,2024-02-07,WINTER,116,158,LOW,NONE,NO,-11.9,0.4807,4.44,5.59,174,116,58,1.15,648.44,772.56,-124.12,257.52,0.0,-124.12
2024-02-07,2024-02-08,WINTER,129,157,LOW,NONE,NO,-11.7,0.479,4.44,5.59,173,129,44,1.15,721.11,768.12,-47.01,195.36,0.0,-47.01
2024-02-08,2024-02-09,WINTER,178,215,LOW,NONE,NO,-12.2,0.4772,4.37,5.49,237,178,59,1.12,977.22,1035.69,-58.47,257.83,0.0,-58.47
2024-02-09,2024-02-10,WINTER,191,227,MEDIUM,NONE,NO,-13.5,0.4754,4.32,5.49,250,191,59,1.17,1048.59,1080.0,-31.41,254.88,0.0,-31.41
2024-02-10,2024-02-12,WINTER,124,125,MEDIUM,NONE,NO,-13.2,0.4715,4.24,5.39,138,124,14,1.15,668.36,585.12,83.24,59.36,0.0,83.24
2024-02-12,2024-02-13,WINTER,131,165,LOW,BOGO,NO,-12.5,0.4695,4.64,5.89,182,131,51,1.25,771.59,844.48,-72.89,236.64,0.0,-72.89
2024-02-13,2024-02-14,WINTER,115,116,MEDIUM,NONE,NO,-10.8,0.4674,4.32,5.49,128,115,13,1.17,631.35,552.96,78.39,56.16,0.0,78.39
2024-02-14,2024-02-15,WINTER,145,129,MEDIUM,NONE,NO,-10.6,0.4652,4.34,5.49,142,142,-3,1.15,779.58,616.28,163.3,0.0,3.45,159.85
2024-02-15,2024-02-16,WINTER,179,178,MEDIUM,BOGO,NO,-12.2,0.463,4.29,5.39,196,179,17,1.1,964.81,840.84,123.97,72.93,0.0,123.97
2024-02-16,2024-02-17,WINTER,193,191,LOW,NONE,NO,-12.2,0.4607,4.53,5.69,210,193,17,1.16,1098.17,951.3,146.87,77.01,0.0,146.87
2024-02-17,2024-02-19,WINTER,110,124,LOW,NONE,NO,-11.3,0.456,4.57,5.79,136,110,26,1.22,636.9,621.52,15.38,118.82,0.0,15.38
2024-02-19,2024-02-20,WINTER,135,131,LOW,BOGO,NO,,0.4535,4.25,5.39,144,135,9,1.14,727.65,612.0,115.65,38.25,0.0,115.65
2024-02-20,2024-02-21,WINTER,69,115,LOW,NONE,NO,-12.0,0.451,4.42,5.59,127,69,58,1.17,385.71,561.34,-175.63,256.36,0.0,-175.63
2024-02-21,2024-02-22,WINTER,112,145,LOW,NONE,NO,-11.9,0.4484,4.71,5.89,160,112,48,1.18,659.68,753.6,-93.92,226.08,0.0,-93.92
2024-02-22,2024-02-23,WINTER,190,179,MEDIUM,DISCOUNT,NO,-11.5,0.4457,4.68,5.69,197,190,7,1.01,1081.1,921.96,159.14,32.76,0.0,159.14
2024-02-23,2024-02-24,WINTER,202,193,LOW,BOGO,NO,-9.8,0.443,4.57,5.79,212,202,10,1.22,1169.58,968.84,200.74,45.7,0.0,200.74
2024-02-24,2024-02-26,WINTER,97,110,LOW,NONE,NO,-10.3,0.4375,4.54,5.69,121,97,24,1.15,551.93,549.34,2.59,108.96,0.0,2.59
2024-02-26,2024-02-27,WINTER,188,135,HIGH,DISCOUNT,NO,-9.7,0.4346,4.59,5.59,148,148,-40,1.0,827.32,679.32,148.0,0.0,40.0,108.0
2024-02-27,2024-02-28,WINTER,107,69,LOW,NONE,NO,-10.5,0.4317,4.27,5.39,76,76,-31,1.12,409.64,324.52,85.12,0.0,34.72,50.4
2024-02-28,2024-02-29,WINTER,125,112,LOW,NONE,NO,-8.6,0.4287,4.74,5.99,123,123,-2,1.25,736.77,583.02,153.75,0.0,2.5,151.25
2024-02-29,2024-03-01,SPRING,217,190,LOW,NONE,NO,-9.6,0.4256,2.99,3.79,209,209,-8,0.8,792.11,624.91,167.2,0.0,6.4,160.8
2024-03-01,2024-03-02,SPRING,284,202,MEDIUM,BOGO,NO,-6.1,0.4225,2.8,3.59,222,222,-62,0.79,796.98,621.6,175.38,0.0,48.98,126.4
2024-03-02,2024-03-04,SPRING,162,97,LOW,NONE,NO,-7.4,0.4162,2.98,3.79,107,107,-55,0.81,405.53,318.86,86.67,0.0,44.55,42.12
2024-03-04,2024-03-05,SPRING,290,188,HIGH,BOGO,NO,,0.413,2.81,3.59,207,207,-83,0.78,743.13,581.67,161.46,0.0,64.74,96.72
2024-03-05,2024-03-06,SPRING,180,107,LOW,NONE,NO,-6.9,0.4097,2.83,3.59,118,118,-62,0.76,423.62,333.94,89.68,0.0,47.12,42.56
2024-03-06,2024-03-07,SPRING,194,125,HIGH,NONE,NO,-5.9,0.4064,3.14,3.99,138,138,-56,0.85,550.62,433.32,117.3,0.0,47.6,69.7
2024-03-07,2024-03-08,SPRING,230,217,LOW,NONE,NO,-6.0,0.403,2.93,3.69,239,230,9,0.76,848.7,700.27,148.43,26.37,0.0,148.43
2024-03-08,2024-03-09,SPRING,318,284,HIGH,BOGO,NO,-7.5,0.3995,2.98,3.79,312,312,-6,0.81,1182.48,929.76,252.72,0.0,4.86,247.86
2024-03-09,2024-03-11,SPRING,170,162,LOW,NONE,NO,-4.9,0.3926,2.97,3.79,178,170,8,0.82,644.3,528.66,115.64,23.76,0.0,115.64
2024-03-11,2024-03-12,SPRING,216,290,LOW,NONE,NO,-6.0,0.389,2.93,3.69,319,216,103,0.76,797.04,934.67,-137.63,301.79,0.0,-137.63
2024-03-12,2024-03-13,SPRING,159,180,LOW,NONE,NO,-5.1,0.3854,3.08,3.89,198,159,39,0.81,618.51,609.84,8.67,120.12,0.0,8.67
2024-03-13,2024-03-14,SPRING,175,194,LOW,NONE,NO,-5.0,0.3818,2.98,3.79,213,175,38,0.81,663.25,634.74,28.51,113.24,0.0,28.51
2024-03-14,2024-03-15,SPRING,208,230,MEDIUM,NONE,NO,-3.4,0.3781,3.17,3.99,253,208,45,0.82,829.92,802.01,27.91,142.65,0.0,27.91
2024-03-15,2024-03-16,SPRING,228,318,LOW,NONE,NO,-3.6,0.3744,2.9,3.69,350,228,122,0.79,841.32,1015.0,-173.68,353.8,0.0,-173.68
2024-03-16,2024-03-18,SPRING,180,170,LOW,DISCOUNT,NO,-3.7,0.3668,3.08,3.79,187,180,7,0.71,682.2,575.96,106.24,21.56,0.0,106.24
2024-03-18,2024-03-19,SPRING,186,216,HIGH,NONE,NO,-0.4,0.363,3.16,3.99,238,186,52,0.83,742.14,752.08,-9.94,164.32,0.0,-9.94
2024-03-19,2024-03-20,SPRING,164,159,LOW,BOGO,NO,-1.8,0.3592,2.98,3.79,175,164,11,0.81,621.56,521.5,100.06,32.78,0.0,100.06
2024-03-20,2024-03-21,SPRING,144,175,LOW,NONE,NO,-1.9,0.3553,3.07,3.89,193,144,49,0.82,560.16,592.51,-32.35,150.43,0.0,-32.35
2024-03-21,2024-03-22,SPRING,204,208,LOW,BOGO,NO,0.2,0.3514,2.79,3.49,229,204,25,0.7,711.96,638.91,73.05,69.75,0.0,73.05
2024-03-22,2024-03-23,SPRING,214,228,LOW,NONE,NO,1.0,0.3474,2.97,3.79,251,214,37,0.82,811.06,745.47,65.59,109.89,0.0,65.59
2024-03-23,2024-03-25,SPRING,174,180,MEDIUM,NONE,NO,0.5,0.3394,2.93,3.69,198,174,24,0.76,642.06,580.14,61.92,70.32,0.0,61.92
2024-03-25,2024-03-26,SPRING,219,186,MEDIUM,BOGO,NO,0.4,0.3354,2.91,3.69,205,205,-14,0.78,756.45,596.55,159.9,0.0,10.92,148.98
2024-03-26,2024-03-27,SPRING,158,164,LOW,NONE,NO,0.6,0.3313,2.78,3.49,180,158,22,0.71,551.42,500.4,51.02,61.16,0.0,51.02
2024-03-27,2024-03-28,SPRING,238,144,LOW,BOGO,NO,1.0,0.3273,3.12,3.99,158,158,-80,0.87,630.42,492.96,137.46,0.0,69.6,67.86
2024-03-28,2024-03-30,SPRING,278,214,LOW,NONE,NO,,0.319,3.06,3.89,235,235,-43,0.83,914.15,719.1,195.05,0.0,35.69,159.36
2024-03-30,2024-04-02,SPRING,219,219,HIGH,NONE,NO,3.3,0.3065,3.02,3.79,241,219,22,0.77,830.01,727.82,102.19,66.44,0.0,102.19
2024-04-02,2024-04-03,SPRING,164,158,LOW,NONE,NO,5.8,0.3023,3.03,3.79,174,164,10,0.76,621.56,527.22,94.34,30.3,0.0,94.34
2024-04-03,2024-04-04,SPRING,228,238,MEDIUM,NONE,NO,5.5,0.2981,2.8,3.59,262,228,34,0.79,818.52,733.6,84.92,95.2,0.0,84.92
2024-04-04,2024-04-05,SPRING,222,238,LOW,NONE,NO,4.4,0.2939,2.79,3.49,262,222,40,0.7,774.78,730.98,43.8,111.6,0.0,43.8
2024-04-05,2024-04-06,SPRING,283,278,MEDIUM,DISCOUNT,NO,6.3,0.2896,3.12,3.79,306,283,23,0.67,1072.57,954.72,117.85,71.76,0.0,117.85
2024-04-06,2024-04-08,SPRING,192,278,LOW,NONE,NO,7.1,0.2811,3.01,3.79,306,192,114,0.78,727.68,921.06,-193.38,343.14,0.0,-193.38
2024-04-08,2024-04-09,SPRING,212,219,LOW,NONE,NO,5.7,0.2768,3.1,3.89,241,212,29,0.79,824.68,747.1,77.58,89.9,0.0,77.58
2024-04-09,2024-04-10,SPRING,214,164,LOW,DISCOUNT,NO,7.6,0.2726,2.75,3.39,180,180,-34,0.64,610.2,495.0,115.2,0.0,21.76,93.44
2024-04-10,2024-04-11,SPRING,216,228,LOW,DISCOUNT,NO,8.6,0.2683,3.15,3.79,251,216,35,0.64,818.64,790.65,27.99,110.25,0.0,27.99
2024-04-11,2024-04-12,SPRING,221,222,HIGH,NONE,NO,6.8,0.264,3.1,3.89,244,221,23,0.79,859.69,756.4,103.29,71.3,0.0,103.29
2024-04-12,2024-04-13,SPRING,259,283,LOW,NONE,NO,7.0,0.2597,2.78,3.49,311,259,52,0.71,903.91,864.58,39.33,144.56,0.0,39.33
2024-04-13,2024-04-15,SPRING,167,192,LOW,BOGO,NO,8.8,0.2511,2.91,3.69,211,167,44,0.78,616.23,614.01,2.22,128.04,0.0,2.22
2024-04-15,2024-04-16,SPRING,187,212,LOW,NONE,NO,9.7,0.2468,2.98,3.79,233,187,46,0.81,708.73,694.34,14.39,137.08,0.0,14.39
2024-04-16,2024-04-17,SPRING,156,214,MEDIUM,NONE,NO,9.7,0.2425,2.86,3.59,235,156,79,0.73,560.04,672.1,-112.06,225.94,0.0,-112.06
2024-04-17,2024-04-18,SPRING,201,216,MEDIUM,BOGO,NO,11.5,0.2382,3.0,3.79,238,201,37,0.79,761.79,714.0,47.79,111.0,0.0,47.79
2024-04-18,2024-04-19,SPRING,233,221,HIGH,NONE,NO,10.6,0.2339,3.13,3.99,243,233,10,0.86,929.67,760.59,169.08,31.3,0.0,169.08
2024-04-19,2024-04-20,SPRING,212,259,LOW,NONE,NO,12.0,0.2296,3.06,3.89,285,212,73,0.83,824.68,872.1,-47.42,223.38,0.0,-47.42
2024-04-20,2024-04-22,SPRING,153,167,LOW,NONE,NO,12.3,0.221,3.05,3.89,184,153,31,0.84,595.17,561.2,33.97,94.55,0.0,33.97
2024-04-22,2024-04-23,SPRING,185,187,LOW,NONE,NO,12.4,0.2167,2.83,3.59,206,185,21,0.76,664.15,582.98,81.17,59.43,0.0,81.17
2024-04-23,2024-04-24,SPRING,145,156,LOW,DISCOUNT,NO,13.3,0.2125,3.19,3.89,172,145,27,0.7,564.05,548.68,15.37,86.13,0.0,15.37
2024-04-24,2024-04-25,SPRING,159,201,LOW,NONE,NO,13.4,0.2082,3.05,3.89,221,159,62,0.84,618.51,674.05,-55.54,189.1,0.0,-55.54
2024-04-25,2024-04-26,SPRING,220,233,LOW,NONE,NO,13.8,0.204,2.95,3.69,256,220,36,0.74,811.8,755.2,56.6,106.2,0.0,56.6
2024-04-26,2024-04-27,SPRING,239,212,LOW,NONE,NO,14.5,0.1998,2.76,3.49,233,233,-6,0.73,813.17,643.08,170.09,0.0,4.38,165.71
2024-04-27,2024-04-29,SPRING,159,153,LOW,NONE,NO,15.0,0.1914,3.1,3.89,168,159,9,0.79,618.51,520.8,97.71,27.9,0.0,97.71
2024-04-29,2024-04-30,SPRING,261,185,LOW,NONE,NO,,0.1872,2.96,3.79,204,204,-57,0.83,773.16,603.84,169.32,0.0,47.31,122.01
2024-04-30,2024-05-02,SPRING,234,159,LOW,NONE,NO,17.1,0.1789,2.81,3.59,175,175,-59,0.78,628.25,491.75,136.5,0.0,46.02,90.48
2024-05-02,2024-05-03,SPRING,256,220,LOW,NONE,NO,14.9,0.1748,2.97,3.79,242,242,-14,0.82,917.18,718.74,198.44,0.0,11.48,186.96
2024-05-03,2024-05-04,SPRING,287,239,LOW,NONE,NO,16.9,0.1707,2.99,3.79,263,263,-24,0.8,996.77,786.37,210.4,0.0,19.2,191.2
2024-05-04,2024-05-06,SPRING,213,159,LOW,BOGO,NO,18.1,0.1626,2.92,3.69,175,175,-38,0.77,645.75,511.0,134.75,0.0,29.26,105.49
2024-05-06,2024-05-07,SPRING,238,261,LOW,NONE,NO,17.7,0.1586,2.89,3.69,287,238,49,0.8,878.22,829.43,48.79,141.61,0.0,48.79
2024-05-07,2024-05-08,SPRING,280,261,MEDIUM,DISCOUNT,NO,18.5,0.1546,3.17,3.89,287,280,7,0.72,1089.2,909.79,179.41,22.19,0.0,179.41
2024-05-08,2024-05-10,SPRING,246,256,LOW,NONE,NO,19.6,0.1467,2.92,3.69,282,246,36,0.77,907.74,823.44,84.3,105.12,0.0,84.3
2024-05-10,2024-05-11,SPRING,292,287,LOW,NONE,NO,20.3,0.1428,2.79,3.49,316,292,24,0.7,1019.08,881.64,137.44,66.96,0.0,137.44
2024-05-11,2024-05-13,SPRING,197,213,HIGH,NONE,NO,20.6,0.1351,3.03,3.79,234,197,37,0.76,746.63,709.02,37.61,112.11,0.0,37.61
2024-05-13,2024-05-14,SPRING,263,238,LOW,DISCOUNT,NO,18.7,0.1313,2.75,3.39,262,262,-1,0.64,888.18,720.5,167.68,0.0,0.64,167.04
2024-05-14,2024-05-15,SPRING,193,280,LOW,NONE,NO,20.5,0.1275,2.96,3.79,308,193,115,0.83,731.47,911.68,-180.21,340.4,0.0,-180.21
2024-05-15,2024-05-16,SPRING,192,280,LOW,NONE,NO,22.2,0.1238,2.93,3.69,308,192,116,0.76,708.48,902.44,-193.96,339.88,0.0,-193.96
2024-05-16,2024-05-17,SPRING,213,246,MEDIUM,NONE,NO,22.3,0.1201,3.14,3.99,271,213,58,0.85,849.87,850.94,-1.07,182.12,0.0,-1.07
2024-05-17,2024-05-18,SPRING,328,292,MEDIUM,NONE,NO,21.3,0.1164,2.83,3.59,321,321,-7,0.76,1152.39,908.43,243.96,0.0,5.32,238.64
2024-05-18,2024-05-21,SPRING,238,263,MEDIUM,BOGO,NO,23.2,0.1057,2.85,3.59,289,238,51,0.74,854.42,823.65,30.77,145.35,0.0,30.77
2024-05-21,2024-05-22,SPRING,167,193,LOW,BOGO,NO,25.8,0.1022,3.09,3.89,212,167,45,0.8,649.63,655.08,-5.45,139.05,0.0,-5.45
2024-05-22,2024-05-23,SPRING,229,192,LOW,DISCOUNT,NO,23.9,0.0987,2.83,3.49,211,211,-18,0.66,736.39,597.13,139.26,0.0,11.88,127.38
2024-05-23,2024-05-24,SPRING,227,213,HIGH,NONE,NO,25.5,0.0953,3.0,3.79,234,227,7,0.79,860.33,702.0,158.33,21.0,0.0,158.33
2024-05-24,2024-05-25,SPRING,277,328,LOW,BOGO,NO,26.3,0.092,3.08,3.89,361,277,84,0.81,1077.53,1111.88,-34.35,258.72,0.0,-34.35
2024-05-25,2024-05-27,SPRING,201,328,LOW,DISCOUNT,NO,25.4,0.0854,3.07,3.69,361,201,160,0.62,741.69,1108.27,-366.58,491.2,0.0,-366.58
2024-05-27,2024-05-28,SPRING,207,238,LOW,NONE,NO,26.5,0.0822,3.13,3.99,262,207,55,0.86,825.93,820.06,5.87,172.15,0.0,5.87
2024-05-28,2024-05-29,SPRING,212,167,LOW,,NO,26.3,0.079,3.16,3.99,184,184,-28,0.83,734.16,581.44,152.72,0.0,23.24,129.48
2024-05-29,2024-05-31,SPRING,316,227,HIGH,BOGO,NO,27.0,0.0728,3.0,3.79,250,250,-66,0.79,947.5,750.0,197.5,0.0,52.14,145.36
2024-05-31,2024-06-01,SUMMER,331,277,LOW,NONE,NO,29.1,0.0698,1.95,2.49,305,305,-26,0.54,759.45,594.75,164.7,0.0,14.04,150.66
2024-06-01,2024-06-03,SUMMER,277,201,LOW,NONE,NO,26.8,0.064,1.84,2.39,221,221,-56,0.55,528.19,406.64,121.55,0.0,30.8,90.75
2024-06-03,2024-06-04,SUMMER,297,207,MEDIUM,NONE,NO,26.3,0.0611,2.11,2.69,228,228,-69,0.58,613.32,481.08,132.24,0.0,40.02,92.22
2024-06-04,2024-06-05,SUMMER,273,212,MEDIUM,NONE,NO,28.3,0.0583,2.07,2.59,233,233,-40,0.52,603.47,482.31,121.16,0.0,20.8,100.36
2024-06-05,2024-06-06,SUMMER,266,212,LOW,NONE,NO,30.6,0.0556,2.12,2.69,233,233,-33,0.57,626.77,493.96,132.81,0.0,18.81,114.0
2024-06-06,2024-06-07,SUMMER,307,316,LOW,NONE,NO,30.9,0.0529,2.08,2.69,348,307,41,0.61,825.83,723.84,101.99,85.28,0.0,101.99
2024-06-07,2024-06-08,SUMMER,335,331,LOW,NONE,NO,28.9,0.0503,1.8,2.29,364,335,29,0.49,767.15,655.2,111.95,52.2,0.0,111.95
2024-06-08,2024-06-10,SUMMER,255,277,LOW,NONE,NO,28.3,0.0452,2.23,2.79,305,255,50,0.56,711.45,680.15,31.3,111.5,0.0,31.3
2024-06-10,2024-06-11,SUMMER,277,297,LOW,NONE,NO,29.1,0.0428,1.96,2.49,327,277,50,0.53,689.73,640.92,48.81,98.0,0.0,48.81
2024-06-11,2024-06-12,SUMMER,223,273,LOW,NONE,NO,30.0,0.0404,1.92,2.49,300,223,77,0.57,555.27,576.0,-20.73,147.84,0.0,-20.73
2024-06-12,2024-06-13,SUMMER,255,266,LOW,NONE,NO,30.1,0.0381,2.11,2.69,293,255,38,0.58,685.95,618.23,67.72,80.18,0.0,67.72
2024-06-13,2024-06-14,SUMMER,304,307,LOW,NONE,NO,,0.0359,1.79,2.29,338,304,34,0.5,696.16,605.02,91.14,60.86,0.0,91.14
2024-06-14,2024-06-15,SUMMER,326,335,LOW,NONE,NO,30.7,0.0337,2.12,2.69,369,326,43,0.57,876.94,782.28,94.66,91.16,0.0,94.66
2024-06-15,2024-06-17,SUMMER,253,255,LOW,NONE,NO,32.3,0.0295,2.21,2.79,280,253,27,0.58,705.87,618.8,87.07,59.67,0.0,87.07
2024-06-17,2024-06-18,SUMMER,279,277,MEDIUM,NONE,NO,31.1,0.0275,1.95,2.49,305,279,26,0.54,694.71,594.75,99.96,50.7,0.0,99.96
2024-06-18,2024-06-19,SUMMER,252,223,LOW,DISCOUNT,NO,31.5,0.0256,1.92,2.39,245,245,-7,0.47,585.55,470.4,115.15,0.0,3.29,111.86
2024-06-19,2024-06-20,SUMMER,255,255,LOW,BOGO,NO,32.7,0.0237,1.98,2.49,280,255,25,0.51,634.95,554.4,80.55,49.5,0.0,80.55
2024-06-20,2024-06-21,SUMMER,277,304,LOW,NONE,NO,32.7,0.0219,1.94,2.49,334,277,57,0.55,689.73,647.96,41.77,110.58,0.0,41.77
2024-06-21,2024-06-22,SUMMER,314,326,LOW,BOGO,NO,31.6,0.0202,1.87,2.39,359,314,45,0.52,750.46,671.33,79.13,84.15,0.0,79.13
2024-06-22,2024-06-24,SUMMER,244,253,LOW,NONE,NO,31.2,0.0169,2.01,2.59,278,244,34,0.58,631.96,558.78,73.18,68.34,0.0,73.18
2024-06-24,2024-06-25,SUMMER,284,279,LOW,NONE,NO,33.3,0.0154,2.07,2.59,307,284,23,0.52,735.56,635.49,100.07,47.61,0.0,100.07
2024-06-25,2024-06-26,SUMMER,242,252,MEDIUM,NONE,NO,33.5,0.014,1.85,2.39,277,242,35,0.54,578.38,512.45,65.93,64.75,0.0,65.93
2024-06-26,2024-06-27,SUMMER,250,255,LOW,,NO,33.5,0.0126,1.79,2.29,280,250,30,0.5,572.5,501.2,71.3,53.7,0.0,71.3
2024-06-27,2024-06-28,SUMMER,292,277,MEDIUM,NONE,NO,33.5,0.0113,2.23,2.79,305,292,13,0.56,814.68,680.15,134.53,28.99,0.0,134.53
2024-06-28,2024-06-29,SUMMER,373,314,MEDIUM,DISCOUNT,NO,33.8,0.01,1.92,2.39,345,345,-28,0.47,824.55,662.4,162.15,0.0,13.16,148.99
2024-06-29,2024-07-01,SUMMER,294,244,LOW,DISCOUNT,NO,36.6,0.0077,2.04,2.49,268,268,-26,0.45,667.32,546.72,120.6,0.0,11.7,108.9
2024-07-01,2024-07-02,SUMMER,269,284,LOW,NONE,NO,35.1,0.0067,1.93,2.49,312,269,43,0.56,669.81,602.16,67.65,82.99,0.0,67.65
2024-07-02,2024-07-03,SUMMER,289,242,HIGH,DISCOUNT,NO,35.5,0.0058,1.79,2.19,266,266,-23,0.4,582.54,476.14,106.4,0.0,9.2,97.2
2024-07-03,2024-07-04,SUMMER,288,250,LOW,NONE,NO,34.3,0.0049,2.17,2.79,275,275,-13,0.62,767.25,596.75,170.5,0.0,8.06,162.44
2024-07-04,2024-07-05,SUMMER,318,292,LOW,NONE,NO,35.2,0.0041,1.84,2.39,321,318,3,0.55,760.02,590.64,169.38,5.52,0.0,169.38
2024-07-05,2024-07-06,SUMMER,339,373,LOW,NONE,NO,34.2,0.0033,2.09,2.69,410,339,71,0.6,911.91,856.9,55.01,148.39,0.0,55.01
2024-07-06,2024-07-08,SUMMER,258,294,HIGH,NONE,NO,35.2,0.0021,2.23,2.79,323,258,65,0.56,719.82,720.29,-0.47,144.95,0.0,-0.47
2024-07-08,2024-07-09,SUMMER,279,269,LOW,BOGO,NO,34.2,0.0016,2.06,2.59,296,279,17,0.53,722.61,609.76,112.85,35.02,0.0,112.85
2024-07-09,2024-07-10,SUMMER,254,289,LOW,NONE,NO,34.4,0.0011,1.74,2.19,318,254,64,0.45,556.26,553.32,2.94,111.36,0.0,2.94
2024-07-10,2024-07-11,SUMMER,284,288,LOW,NONE,NO,35.1,0.0007,1.77,2.29,317,284,33,0.52,650.36,561.09,89.27,58.41,0.0,89.27
2024-07-11,2024-07-12,SUMMER,285,318,LOW,NONE,NO,36.3,0.0005,1.95,2.49,350,285,65,0.54,709.65,682.5,27.15,126.75,0.0,27.15
2024-07-12,2024-07-13,SUMMER,323,339,LOW,NONE,NO,35.7,0.0002,2.06,2.59,373,323,50,0.53,836.57,768.38,68.19,103.0,0.0,68.19
2024-07-13,2024-07-15,SUMMER,281,258,HIGH,BOGO,NO,34.7,0.0,1.95,2.49,284,281,3,0.54,699.69,553.8,145.89,5.85,0.0,145.89
2024-07-15,2024-07-16,SUMMER,263,279,HIGH,NONE,NO,34.8,0.0,2.19,2.79,307,263,44,0.6,733.77,672.33,61.44,96.36,0.0,61.44
2024-07-16,2024-07-17,SUMMER,248,254,MEDIUM,NONE,NO,36.5,0.0001,1.77,2.29,279,248,31,0.52,567.92,493.83,74.09,54.87,0.0,74.09
2024-07-17,2024-07-18,SUMMER,257,284,MEDIUM,NONE,NO,36.0,0.0002,1.78,2.29,312,257,55,0.51,588.53,555.36,33.17,97.9,0.0,33.17
2024-07-18,2024-07-19,SUMMER,276,285,LOW,NONE,NO,35.3,0.0005,2.05,2.59,314,276,38,0.54,714.84,643.7,71.14,77.9,0.0,71.14
2024-07-19,2024-07-20,SUMMER,322,323,LOW,NONE,NO,35.7,0.0007,2.0,2.59,355,322,33,0.59,833.98,710.0,123.98,66.0,0.0,123.98
2024-07-20,2024-07-22,SUMMER,246,281,LOW,NONE,NO,34.0,0.0016,1.93,2.49,309,246,63,0.56,612.54,596.37,16.17,121.59,0.0,16.17
2024-07-22,2024-07-23,SUMMER,254,263,LOW,BOGO,NO,34.5,0.0021,2.23,2.79,289,254,35,0.56,708.66,644.47,64.19,78.05,0.0,64.19
2024-07-23,2024-07-24,SUMMER,215,248,MEDIUM,NONE,NO,34.9,0.0027,2.06,2.59,273,215,58,0.53,556.85,562.38,-5.53,119.48,0.0,-5.53
2024-07-24,2024-07-25,SUMMER,292,257,LOW,DISCOUNT,NO,35.9,0.0033,1.98,2.39,283,283,-9,0.41,676.37,560.34,116.03,0.0,3.69,112.34
2024-07-25,2024-07-26,SUMMER,311,276,LOW,DISCOUNT,NO,35.3,0.0041,2.04,2.49,304,304,-7,0.45,756.96,620.16,136.8,0.0,3.15,133.65
2024-07-26,2024-07-27,SUMMER,306,322,LOW,NONE,NO,35.0,0.0049,1.78,2.29,354,306,48,0.51,700.74,630.12,70.62,85.44,0.0,70.62
2024-07-27,2024-07-29,SUMMER,271,246,LOW,NONE,NO,33.3,0.0067,1.98,2.49,271,271,0,0.51,674.79,536.58,138.21,0.0,0.0,138.21
2024-07-29,2024-07-30,SUMMER,281,254,MEDIUM,NONE,NO,34.2,0.0077,2.14,2.69,279,279,-2,0.55,750.51,597.06,153.45,0.0,1.1,152.35
2024-07-30,2024-07-31,SUMMER,244,215,LOW,NONE,NO,36.1,0.0088,1.79,2.29,237,237,-7,0.5,542.73,424.23,118.5,0.0,3.5,115.0
2024-07-31,2024-08-01,SUMMER,309,292,MEDIUM,NONE,NO,33.7,0.01,1.83,2.29,321,309,12,0.46,707.61,587.43,120.18,21.96,0.0,120.18
2024-08-01,2024-08-02,SUMMER,360,311,MEDIUM,NONE,NO,34.8,0.0113,1.81,2.29,342,342,-18,0.48,783.18,619.02,164.16,0.0,8.64,155.52
2024-08-02,2024-08-03,SUMMER,366,306,LOW,NONE,NO,35.0,0.0126,1.74,2.19,337,337,-29,0.45,738.03,586.38,151.65,0.0,13.05,138.6
2024-08-03,2024-08-05,SUMMER,323,271,LOW,BOGO,NO,32.8,0.0154,1.94,2.49,298,298,-25,0.55,742.02,578.12,163.9,0.0,13.75,150.15
2024-08-05,2024-08-06,SUMMER,329,281,LOW,DISCOUNT,NO,34.8,0.0169,1.92,2.39,309,309,-20,0.47,738.51,593.28,145.23,0.0,9.4,135.83
2024-08-06,2024-08-07,SUMMER,262,244,LOW,NONE,NO,35.5,0.0185,2.16,2.79,268,262,6,0.63,730.98,578.88,152.1,12.96,0.0,152.1
2024-08-07,2024-08-08,SUMMER,303,309,HIGH,NONE,NO,32.6,0.0202,2.22,2.79,340,303,37,0.57,845.37,754.8,90.57,82.14,0.0,90.57
2024-08-08,2024-08-09,SUMMER,329,360,LOW,NONE,NO,33.1,0.0219,2.09,2.69,396,329,67,0.6,885.01,827.64,57.37,140.03,0.0,57.37
2024-08-09,2024-08-10,SUMMER,363,366,LOW,NONE,NO,31.2,0.0237,2.05,2.59,403,363,40,0.54,940.17,826.15,114.02,82.0,0.0,114.02
2024-08-10,2024-08-12,SUMMER,279,323,LOW,NONE,YES,31.2,0.0275,1.97,2.49,355,279,76,0.52,694.71,699.35,-4.64,149.72,0.0,-4.64
2024-08-12,2024-08-13,SUMMER,316,329,LOW,DISCOUNT,YES,31.2,0.0295,1.84,2.29,362,316,46,0.45,723.64,666.08,57.56,84.64,0.0,57.56
2024-08-13,2024-08-14,SUMMER,275,262,LOW,NONE,YES,32.7,0.0315,1.74,2.19,288,275,13,0.45,602.25,501.12,101.13,22.62,0.0,101.13
2024-08-14,2024-08-15,SUMMER,309,303,MEDIUM,,YES,32.7,0.0337,2.08,2.69,333,309,24,0.61,831.21,692.64,138.57,49.92,0.0,138.57
2024-08-15,2024-08-16,SUMMER,367,329,HIGH,DISCOUNT,YES,31.2,0.0359,1.94,2.39,362,362,-5,0.45,865.18,702.28,162.9,0.0,2.25,160.65
2024-08-16,2024-08-17,SUMMER,377,363,LOW,DISCOUNT,YES,32.7,0.0381,1.81,2.19,399,377,22,0.38,825.63,722.19,103.44,39.82,0.0,103.44
2024-08-17,2024-08-19,SUMMER,290,279,HIGH,NONE,NO,31.1,0.0428,2.15,2.69,307,290,17,0.54,780.1,660.05,120.05,36.55,0.0,120.05
2024-08-19,2024-08-20,SUMMER,318,316,MEDIUM,NONE,NO,32.8,0.0452,1.75,2.19,348,318,30,0.44,696.42,609.0,87.42,52.5,0.0,87.42
2024-08-20,2024-08-21,SUMMER,270,275,HIGH,NONE,NO,30.9,0.0477,1.87,2.39,302,270,32,0.52,645.3,564.74,80.56,59.84,0.0,80.56
2024-08-21,2024-08-22,SUMMER,279,309,LOW,BOGO,NO,28.0,0.0503,1.84,2.39,340,279,61,0.55,666.81,625.6,41.21,112.24,0.0,41.21
2024-08-22,2024-08-23,SUMMER,344,367,LOW,DISCOUNT,NO,31.4,0.0529,2.17,2.69,404,344,60,0.52,925.36,876.68,48.68,130.2,0.0,48.68
2024-08-23,2024-08-24,SUMMER,372,377,LOW,DISCOUNT,NO,29.4,0.0556,2.14,2.59,415,372,43,0.45,963.48,888.1,75.38,92.02,0.0,75.38
2024-08-24,2024-08-26,SUMMER,307,290,MEDIUM,NONE,YES,28.7,0.0611,1.98,2.49,319,307,12,0.51,764.43,631.62,132.81,23.76,0.0,132.81
2024-08-26,2024-08-27,SUMMER,314,318,MEDIUM,NONE,YES,27.7,0.064,2.0,2.59,350,314,36,0.59,813.26,700.0,113.26,72.0,0.0,113.26
2024-08-27,2024-08-28,SUMMER,278,270,LOW,NONE,YES,29.5,0.0669,2.08,2.69,297,278,19,0.61,747.82,617.76,130.06,39.52,0.0,130.06
2024-08-28,2024-08-29,SUMMER,337,279,HIGH,NONE,YES,28.3,0.0698,1.97,2.49,307,307,-30,0.52,764.43,604.79,159.64,0.0,15.6,144.04
2024-08-29,2024-08-30,SUMMER,330,344,MEDIUM,NONE,YES,28.4,0.0728,1.91,2.39,378,330,48,0.48,788.7,721.98,66.72,91.68,0.0,66.72
2024-08-30,2024-08-31,SUMMER,378,372,LOW,NONE,YES,27.7,0.0759,1.75,2.19,409,378,31,0.44,827.82,715.75,112.07,54.25,0.0,112.07
